"","Latitude","Longitude","Location"
"17035",41.902020509,-87.773754609,"(41.902020509, -87.773754609)"
"20472",41.765621194,-87.619609791,"(41.765621194, -87.619609791)"
"26919",41.782297461,-87.635110176,"(41.782297461, -87.635110176)"
"36419",41.969911966,-87.689341576,"(41.969911966, -87.689341576)"
"36645",41.913070294,-87.634770532,"(41.913070294, -87.634770532)"
"36822",41.734803117,-87.551372192,"(41.734803117, -87.551372192)"
"48500",NA,NA,""
"68677",NA,NA,""
"74757",NA,NA,""
"77159",NA,NA,""
"88555",41.895616463,-87.700978901,"(41.895616463, -87.700978901)"
"93595",41.861442825,-87.660027716,"(41.861442825, -87.660027716)"
"113819",41.890686995,-87.687519335,"(41.890686995, -87.687519335)"
"132396",41.909664252,-87.742728815,"(41.909664252, -87.742728815)"
"198912",41.885908101,-87.626289429,"(41.885908101, -87.626289429)"
"215367",NA,NA,""
"227939",41.681959704,-87.680846757,"(41.681959704, -87.680846757)"
"236546",NA,NA,""
"236645",41.878562742,-87.632267636,"(41.878562742, -87.632267636)"
"239362",41.894783048,-87.770203617,"(41.894783048, -87.770203617)"
"263430",41.989596467,-87.799616093,"(41.989596467, -87.799616093)"
"273858",41.939196499,-87.718977392,"(41.939196499, -87.718977392)"
"274423",41.823635955,-87.697743639,"(41.823635955, -87.697743639)"
"274449",41.929088506,-87.648005492,"(41.929088506, -87.648005492)"
"274575",41.903400522,-87.62997193,"(41.903400522, -87.62997193)"
"274638",41.943844128,-87.649380278,"(41.943844128, -87.649380278)"
"276902",41.767504543,-87.571440534,"(41.767504543, -87.571440534)"
"283666",41.885492559,-87.657546111,"(41.885492559, -87.657546111)"
"284168",41.886443395,-87.626316579,"(41.886443395, -87.626316579)"
"284297",NA,NA,""
"287039",NA,NA,""
"288533",NA,NA,""
"291066",NA,NA,""
"294014",41.852838781,-87.626550976,"(41.852838781, -87.626550976)"
"296348",NA,NA,""
"296704",NA,NA,""
"298630",NA,NA,""
"299821",41.849559007,-87.69047306,"(41.849559007, -87.69047306)"
"299856",NA,NA,""
"303971",NA,NA,""
"307763",NA,NA,""
"309774",41.867984444,-87.725853347,"(41.867984444, -87.725853347)"
"318738",41.776551605,-87.632969132,"(41.776551605, -87.632969132)"
"323242",NA,NA,""
"323933",NA,NA,""
"324498",41.962075204,-87.673992664,"(41.962075204, -87.673992664)"
"324698",NA,NA,""
"328943",NA,NA,""
"330135",NA,NA,""
"333118",NA,NA,""
"333244",NA,NA,""
"333590",NA,NA,""
"333595",NA,NA,""
"334982",41.771178405,-87.623598973,"(41.771178405, -87.623598973)"
"336104",NA,NA,""
"336338",NA,NA,""
"336573",NA,NA,""
"337631",NA,NA,""
"338196",NA,NA,""
"338385",NA,NA,""
"338445",NA,NA,""
"338522",NA,NA,""
"338620",NA,NA,""
"339100",NA,NA,""
"339241",NA,NA,""
"339292",NA,NA,""
"339319",NA,NA,""
"339514",NA,NA,""
"339526",NA,NA,""
"339610",NA,NA,""
"339678",NA,NA,""
"340136",NA,NA,""
"340364",NA,NA,""
"340539",NA,NA,""
"340853",41.960698401,-87.740033361,"(41.960698401, -87.740033361)"
"341259",NA,NA,""
"341622",NA,NA,""
"341641",NA,NA,""
"341962",NA,NA,""
"342096",NA,NA,""
"342533",NA,NA,""
"342551",NA,NA,""
"342604",NA,NA,""
"342711",NA,NA,""
"343576",NA,NA,""
"344014",NA,NA,""
"344447",NA,NA,""
"344460",NA,NA,""
"344897",NA,NA,""
"345061",NA,NA,""
"345126",NA,NA,""
"345158",NA,NA,""
"345406",NA,NA,""
"345425",NA,NA,""
"345476",NA,NA,""
"345651",NA,NA,""
"345738",NA,NA,""
"345863",NA,NA,""
"346175",NA,NA,""
"346325",NA,NA,""
"346345",NA,NA,""
"346359",NA,NA,""
"346538",NA,NA,""
"346597",NA,NA,""
"346607",NA,NA,""
"346824",NA,NA,""
"347051",NA,NA,""
"347466",NA,NA,""
"347565",NA,NA,""
"347623",NA,NA,""
"347752",NA,NA,""
"347968",NA,NA,""
"348044",NA,NA,""
"348361",NA,NA,""
"348435",NA,NA,""
"349600",NA,NA,""
"349797",NA,NA,""
"350221",NA,NA,""
"350616",41.961988265,-87.755655128,"(41.961988265, -87.755655128)"
"361967",NA,NA,""
"363102",41.846721794,-87.668362928,"(41.846721794, -87.668362928)"
"366828",41.924791717,-87.635811219,"(41.924791717, -87.635811219)"
"368190",41.878828333,-87.636678495,"(41.878828333, -87.636678495)"
"369523",41.701966578,-87.535284177,"(41.701966578, -87.535284177)"
"370072",41.891890282,-87.613438575,"(41.891890282, -87.613438575)"
"374076",41.805421178,-87.725964232,"(41.805421178, -87.725964232)"
"374576",NA,NA,""
"378194",41.885695638,-87.644613417,"(41.885695638, -87.644613417)"
"381609",41.881650549,-87.632355065,"(41.881650549, -87.632355065)"
"386293",41.931543657,-87.745871313,"(41.931543657, -87.745871313)"
"390952",41.947802576,-87.664034506,"(41.947802576, -87.664034506)"
"398565",41.885433199,-87.626265286,"(41.885433199, -87.626265286)"
"404717",41.999417805,-87.660672138,"(41.999417805, -87.660672138)"
"407508",41.889906681,-87.624100509,"(41.889906681, -87.624100509)"
"411294",41.811469023,-87.728981031,"(41.811469023, -87.728981031)"
"425339",41.932837533,-87.643037034,"(41.932837533, -87.643037034)"
"425850",41.872879259,-87.633592804,"(41.872879259, -87.633592804)"
"431821",41.838198156,-87.634623952,"(41.838198156, -87.634623952)"
"434140",41.799551527,-87.588056142,"(41.799551527, -87.588056142)"
"452285",41.948588347,-87.657633691,"(41.948588347, -87.657633691)"
"454833",41.866332671,-87.639215203,"(41.866332671, -87.639215203)"
"457552",NA,NA,""
"471477",41.836816162,-87.665724279,"(41.836816162, -87.665724279)"
"478586",41.811469023,-87.728981031,"(41.811469023, -87.728981031)"
"490446",41.895430593,-87.616109465,"(41.895430593, -87.616109465)"
"537578",41.790353984,-87.604942686,"(41.790353984, -87.604942686)"
"550248",41.884924096,-87.630953163,"(41.884924096, -87.630953163)"
"554622",41.978801878,-87.806988217,"(41.978801878, -87.806988217)"
"557017",NA,NA,""
"562925",41.980242532,-87.806976353,"(41.980242532, -87.806976353)"
"564201",NA,NA,""
"564557",41.880653112,-87.634396649,"(41.880653112, -87.634396649)"
"569162",41.975821967,-87.807053208,"(41.975821967, -87.807053208)"
"585929",41.893821538,-87.629709751,"(41.893821538, -87.629709751)"
"587166",NA,NA,""
"590291",41.796790197,-87.664658251,"(41.796790197, -87.664658251)"
"593473",41.88548867,-87.65781791,"(41.88548867, -87.65781791)"
"595426",41.910192184,-87.699681484,"(41.910192184, -87.699681484)"
"597008",NA,NA,""
"602165",41.989896641,-87.748572068,"(41.989896641, -87.748572068)"
"617301",NA,NA,""
"618834",41.884521087,-87.622099893,"(41.884521087, -87.622099893)"
"619235",NA,NA,""
"619241",NA,NA,""
"630010",41.962175033,-87.663740716,"(41.962175033, -87.663740716)"
"632331",NA,NA,""
"634114",41.901073698,-87.63136393,"(41.901073698, -87.63136393)"
"634780",41.892655759,-87.616922817,"(41.892655759, -87.616922817)"
"635795",41.779605366,-87.654813009,"(41.779605366, -87.654813009)"
"637815",41.883368801,-87.632413402,"(41.883368801, -87.632413402)"
"648118",41.929298345,-87.683627833,"(41.929298345, -87.683627833)"
"652116",41.939136391,-87.723660531,"(41.939136391, -87.723660531)"
"654580",41.880033169,-87.642603169,"(41.880033169, -87.642603169)"
"654714",41.998172401,-87.662156803,"(41.998172401, -87.662156803)"
"661801",41.946658527,-87.708896246,"(41.946658527, -87.708896246)"
"663109",41.963727184,-87.708328824,"(41.963727184, -87.708328824)"
"689463",41.882553868,-87.624383802,"(41.882553868, -87.624383802)"
"691630",41.963509008,-87.836690988,"(41.963509008, -87.836690988)"
"694537",41.883368801,-87.632413402,"(41.883368801, -87.632413402)"
"696944",41.809549,-87.605183782,"(41.809549, -87.605183782)"
"709784",41.926566973,-87.785556627,"(41.926566973, -87.785556627)"
"713335",41.749471303,-87.663416171,"(41.749471303, -87.663416171)"
"722618",41.85798879,-87.654135567,"(41.85798879, -87.654135567)"
"724640",41.883210189,-87.630259516,"(41.883210189, -87.630259516)"
"726048",41.773892091,-87.58630763,"(41.773892091, -87.58630763)"
"734682",41.882366028,-87.63088203,"(41.882366028, -87.63088203)"
"736214",41.918578314,-87.636183854,"(41.918578314, -87.636183854)"
"747455",41.994732991,-87.689786677,"(41.994732991, -87.689786677)"
"758460",41.920895082,-87.64860392,"(41.920895082, -87.64860392)"
"762795",41.946131212,-87.707809655,"(41.946131212, -87.707809655)"
"763269",41.893574529,-87.629705116,"(41.893574529, -87.629705116)"
"780416",41.889453169,-87.627994833,"(41.889453169, -87.627994833)"
"786090",41.736793013,-87.594541841,"(41.736793013, -87.594541841)"
"787718",41.939501436,-87.684127053,"(41.939501436, -87.684127053)"
"796250",41.918245683,-87.712594073,"(41.918245683, -87.712594073)"
"812305",41.885124645,-87.693935919,"(41.885124645, -87.693935919)"
"823874",41.925162526,-87.667295447,"(41.925162526, -87.667295447)"
"839260",41.8744162,-87.638591667,"(41.8744162, -87.638591667)"
"839669",41.809344901,-87.619007274,"(41.809344901, -87.619007274)"
"839997",41.903829847,-87.716598201,"(41.903829847, -87.716598201)"
"846202",41.907383556,-87.687141683,"(41.907383556, -87.687141683)"
"856719",41.886190872,-87.624527215,"(41.886190872, -87.624527215)"
"862760",41.908925763,-87.802819807,"(41.908925763, -87.802819807)"
"866582",41.746704306,-87.605110156,"(41.746704306, -87.605110156)"
"870248",41.88569696,-87.644833747,"(41.88569696, -87.644833747)"
"894979",41.881505092,-87.632352983,"(41.881505092, -87.632352983)"
"906466",41.99027271,-87.718140723,"(41.99027271, -87.718140723)"
"924472",41.784323332,-87.661909508,"(41.784323332, -87.661909508)"
"941511",41.756714109,-87.586085395,"(41.756714109, -87.586085395)"
"941744",41.879030298,-87.636948032,"(41.879030298, -87.636948032)"
"945563",41.895817979,-87.619263899,"(41.895817979, -87.619263899)"
"946566",41.893652298,-87.622725822,"(41.893652298, -87.622725822)"
"953030",41.954508415,-87.653122768,"(41.954508415, -87.653122768)"
"966488",41.882774244,-87.629427024,"(41.882774244, -87.629427024)"
"966518",41.978165636,-87.658608303,"(41.978165636, -87.658608303)"
"973341",41.893179406,-87.634656764,"(41.893179406, -87.634656764)"
"978216",41.882764906,-87.632386952,"(41.882764906, -87.632386952)"
"987633",41.838982099,-87.646299864,"(41.838982099, -87.646299864)"
"994341",41.974322894,-87.653345913,"(41.974322894, -87.653345913)"
"1000120",41.765039197,-87.57627519,"(41.765039197, -87.57627519)"
"1003041",41.750507243,-87.652902388,"(41.750507243, -87.652902388)"
"1007114",41.992187981,-87.679869253,"(41.992187981, -87.679869253)"
"1016628",41.990526825,-87.687953046,"(41.990526825, -87.687953046)"
"1018823",41.886039903,-87.624521539,"(41.886039903, -87.624521539)"
"1024249",41.936335635,-87.650710119,"(41.936335635, -87.650710119)"
"1026902",41.918707482,-87.6485281,"(41.918707482, -87.6485281)"
"1028066",41.909307068,-87.80576669,"(41.909307068, -87.80576669)"
"1036784",41.975289354,-87.751291037,"(41.975289354, -87.751291037)"
"1037528",41.926287021,-87.785547998,"(41.926287021, -87.785547998)"
"1037883",41.938556557,-87.768017693,"(41.938556557, -87.768017693)"
"1041519",41.993247405,-87.712024008,"(41.993247405, -87.712024008)"
"1047222",41.888189539,-87.623777956,"(41.888189539, -87.623777956)"
"1048550",41.961099303,-87.74756329,"(41.961099303, -87.74756329)"
"1048612",41.929644221,-87.684131464,"(41.929644221, -87.684131464)"
"1052573",41.88221592,-87.638687118,"(41.88221592, -87.638687118)"
"1059534",41.776037212,-87.772207792,"(41.776037212, -87.772207792)"
"1062416",42.012293397,-87.699714109,"(42.012293397, -87.699714109)"
"1068497",41.876727916,-87.642862748,"(41.876727916, -87.642862748)"
"1074490",41.881519476,-87.626194599,"(41.881519476, -87.626194599)"
"1089645",41.896588511,-87.668529054,"(41.896588511, -87.668529054)"
"1092809",41.898444056,-87.651290125,"(41.898444056, -87.651290125)"
"1096991",41.939507459,-87.712505525,"(41.939507459, -87.712505525)"
"1109020",41.693309015,-87.621013915,"(41.693309015, -87.621013915)"
"1129469",41.869327166,-87.662390186,"(41.869327166, -87.662390186)"
"1142881",41.873674664,-87.754820808,"(41.873674664, -87.754820808)"
"1148045",41.894885819,-87.761016679,"(41.894885819, -87.761016679)"
"1157084",41.786181906,-87.664379822,"(41.786181906, -87.664379822)"
"1164157",41.881505092,-87.632352983,"(41.881505092, -87.632352983)"
"1169793",41.87527687,-87.627621989,"(41.87527687, -87.627621989)"
"1190881",41.722578383,-87.662706548,"(41.722578383, -87.662706548)"
"1198864",41.654963866,-87.549561292,"(41.654963866, -87.549561292)"
"1203695",41.804294617,-87.667287033,"(41.804294617, -87.667287033)"
"1208028",41.978468614,-87.770294412,"(41.978468614, -87.770294412)"
"1209494",41.896010965,-87.624279065,"(41.896010965, -87.624279065)"
"1210534",41.699874876,-87.623017708,"(41.699874876, -87.623017708)"
"1210597",41.933987374,-87.766338056,"(41.933987374, -87.766338056)"
"1210636",41.891217472,-87.645141738,"(41.891217472, -87.645141738)"
"1218025",41.890221601,-87.636995432,"(41.890221601, -87.636995432)"
"1218324",41.878562742,-87.632267636,"(41.878562742, -87.632267636)"
"1225924",41.915729613,-87.746056778,"(41.915729613, -87.746056778)"
"1226987",41.886686562,-87.65479754,"(41.886686562, -87.65479754)"
"1229041",41.899237302,-87.635784517,"(41.899237302, -87.635784517)"
"1234559",41.887966168,-87.634790696,"(41.887966168, -87.634790696)"
"1236465",41.90966446,-87.742769225,"(41.90966446, -87.742769225)"
"1237372",41.883963076,-87.641260844,"(41.883963076, -87.641260844)"
"1241360",41.894563504,-87.622745105,"(41.894563504, -87.622745105)"
"1251683",41.888789277,-87.632512071,"(41.888789277, -87.632512071)"
"1254189",41.881928906,-87.635704735,"(41.881928906, -87.635704735)"
"1255533",41.803058246,-87.61337019,"(41.803058246, -87.61337019)"
"1257277",41.799517158,-87.591225242,"(41.799517158, -87.591225242)"
"1257835",41.743954675,-87.606002341,"(41.743954675, -87.606002341)"
"1261412",41.879235852,-87.624347038,"(41.879235852, -87.624347038)"
"1261924",41.707266045,-87.616941279,"(41.707266045, -87.616941279)"
"1266626",41.938374369,-87.781905115,"(41.938374369, -87.781905115)"
"1272992",41.939387043,-87.699010281,"(41.939387043, -87.699010281)"
"1283981",41.909965973,-87.634672123,"(41.909965973, -87.634672123)"
"1286761",41.762507045,-87.576818108,"(41.762507045, -87.576818108)"
"1286997",41.866198337,-87.72334073,"(41.866198337, -87.72334073)"
"1290244",41.938090596,-87.800262632,"(41.938090596, -87.800262632)"
"1293757",41.88278344,-87.636786095,"(41.88278344, -87.636786095)"
"1294822",41.933987374,-87.766338056,"(41.933987374, -87.766338056)"
"1300778",41.885729421,-87.63430827,"(41.885729421, -87.63430827)"
"1300810",41.923581601,-87.797260018,"(41.923581601, -87.797260018)"
"1305218",41.92357503,-87.798204443,"(41.92357503, -87.798204443)"
"1309298",41.890592717,-87.646672611,"(41.890592717, -87.646672611)"
"1319138",41.996406931,-87.668594807,"(41.996406931, -87.668594807)"
"1320721",41.912787265,-87.677516502,"(41.912787265, -87.677516502)"
"1327447",41.846871468,-87.680098646,"(41.846871468, -87.680098646)"
"1328409",41.720969202,-87.680159235,"(41.720969202, -87.680159235)"
"1332690",41.926173179,-87.670750207,"(41.926173179, -87.670750207)"
"1338587",41.881348498,-87.764894125,"(41.881348498, -87.764894125)"
"1338823",41.902350414,-87.628334115,"(41.902350414, -87.628334115)"
"1342139",41.720969202,-87.680159235,"(41.720969202, -87.680159235)"
"1358119",41.904344632,-87.640368527,"(41.904344632, -87.640368527)"
"1360546",41.93872052,-87.755203594,"(41.93872052, -87.755203594)"
"1360969",41.897837503,-87.624097243,"(41.897837503, -87.624097243)"
"1360970",41.891990384,-87.611461502,"(41.891990384, -87.611461502)"
"1362314",41.953259023,-87.76060505,"(41.953259023, -87.76060505)"
"1363856",41.771117937,-87.693185122,"(41.771117937, -87.693185122)"
"1364226",41.942681442,-87.651370219,"(41.942681442, -87.651370219)"
"1369700",41.909882217,-87.726635552,"(41.909882217, -87.726635552)"
"1369922",41.984410703,-87.766015939,"(41.984410703, -87.766015939)"
"1387542",41.97852489,-87.836589041,"(41.97852489, -87.836589041)"
"1390557",41.86723004,-87.641489077,"(41.86723004, -87.641489077)"
"1390849",41.938146791,-87.796421341,"(41.938146791, -87.796421341)"
"1393303",41.814049574,-87.618283699,"(41.814049574, -87.618283699)"
"1402096",41.939531913,-87.681756046,"(41.939531913, -87.681756046)"
"1402198",41.977353026,-87.807007503,"(41.977353026, -87.807007503)"
"1411458",41.892569818,-87.62208039,"(41.892569818, -87.62208039)"
"1424004",41.900519162,-87.624185113,"(41.900519162, -87.624185113)"
"1426890",42.01262794,-87.806624789,"(42.01262794, -87.806624789)"
"1430258",41.879097968,-87.632283818,"(41.879097968, -87.632283818)"
"1431808",41.892569818,-87.62208039,"(41.892569818, -87.62208039)"
"1437744",41.894327846,-87.62814321,"(41.894327846, -87.62814321)"
"1438159",41.735181698,-87.566828891,"(41.735181698, -87.566828891)"
"1443091",NA,NA,""
"1445895",41.969957784,-87.67420556,"(41.969957784, -87.67420556)"
"1449468",41.792928834,-87.779658761,"(41.792928834, -87.779658761)"
"1450470",41.879021684,-87.626108305,"(41.879021684, -87.626108305)"
"1450495",41.872063487,-87.686844006,"(41.872063487, -87.686844006)"
"1450923",41.789434524,-87.737266253,"(41.789434524, -87.737266253)"
"1454239",41.936976184,-87.664897494,"(41.936976184, -87.664897494)"
"1456271",41.887812777,-87.620546628,"(41.887812777, -87.620546628)"
"1457390",41.838967983,-87.665778978,"(41.838967983, -87.665778978)"
"1461418",41.961253689,-87.697657333,"(41.961253689, -87.697657333)"
"1462564",41.966820975,-87.7279893,"(41.966820975, -87.7279893)"
"1462569",41.965839588,-87.663919288,"(41.965839588, -87.663919288)"
"1466287",41.878498359,-87.635213281,"(41.878498359, -87.635213281)"
"1484570",42.006589009,-87.671642026,"(42.006589009, -87.671642026)"
"1494370",41.78071575,-87.787485321,"(41.78071575, -87.787485321)"
"1495937",41.910518587,-87.648968323,"(41.910518587, -87.648968323)"
"1502140",NA,NA,""
"1504394",41.906132875,-87.667566751,"(41.906132875, -87.667566751)"
"1543771",41.887679528,-87.767125991,"(41.887679528, -87.767125991)"
"1551761",41.900799621,-87.624273841,"(41.900799621, -87.624273841)"
"1555493",42.002875484,-87.696268223,"(42.002875484, -87.696268223)"
"1557784",41.905021054,-87.652520553,"(41.905021054, -87.652520553)"
"1574760",41.895856952,-87.700796552,"(41.895856952, -87.700796552)"
"1596477",41.708913062,-87.681552119,"(41.708913062, -87.681552119)"
"1596602",41.865578288,-87.773481428,"(41.865578288, -87.773481428)"
"1607975",41.994815901,-87.714344716,"(41.994815901, -87.714344716)"
"1613082",41.892092606,-87.611570535,"(41.892092606, -87.611570535)"
"1631630",41.883784354,-87.636665054,"(41.883784354, -87.636665054)"
"1634128",41.736496344,-87.607848832,"(41.736496344, -87.607848832)"
"1639749",41.918955693,-87.738902687,"(41.918955693, -87.738902687)"
"1644481",41.884457004,-87.650884384,"(41.884457004, -87.650884384)"
"1645423",41.886024179,-87.636299185,"(41.886024179, -87.636299185)"
"1650632",41.879045087,-87.650839153,"(41.879045087, -87.650839153)"
"1653158",41.735646951,-87.66555665,"(41.735646951, -87.66555665)"
"1656636",41.722260673,-87.582920537,"(41.722260673, -87.582920537)"
"1667122",42.012480452,-87.806776873,"(42.012480452, -87.806776873)"
"1670888",41.880543543,-87.763054182,"(41.880543543, -87.763054182)"
"1673725",41.758234929,-87.631416392,"(41.758234929, -87.631416392)"
"1684989",41.902284347,-87.626961006,"(41.902284347, -87.626961006)"
"1685050",41.809515523,-87.665145829,"(41.809515523, -87.665145829)"
"1692441",NA,NA,""
"1692696",41.858151428,-87.630089895,"(41.858151428, -87.630089895)"
"1693715",41.953538339,-87.746897266,"(41.953538339, -87.746897266)"
"1710571",41.822236284,-87.606999181,"(41.822236284, -87.606999181)"
"1717070",41.728172794,-87.551361018,"(41.728172794, -87.551361018)"
"1720642",41.975762155,-87.692202642,"(41.975762155, -87.692202642)"
"1727280",41.880598274,-87.629909921,"(41.880598274, -87.629909921)"
"1728861",41.880704543,-87.632479241,"(41.880704543, -87.632479241)"
"1736281",41.957331716,-87.732733596,"(41.957331716, -87.732733596)"
"1740958",41.793425173,-87.703407223,"(41.793425173, -87.703407223)"
"1743740",41.876854464,-87.641546844,"(41.876854464, -87.641546844)"
"1744413",41.93708035,-87.644450396,"(41.93708035, -87.644450396)"
"1764247",41.964620275,-87.685773082,"(41.964620275, -87.685773082)"
"1776790",41.758672791,-87.584285074,"(41.758672791, -87.584285074)"
"1777271",41.878382131,-87.624749377,"(41.878382131, -87.624749377)"
"1777809",41.904263966,-87.631604495,"(41.904263966, -87.631604495)"
"1779312",41.922504988,-87.632077093,"(41.922504988, -87.632077093)"
"1796717",41.954272732,-87.678186921,"(41.954272732, -87.678186921)"
"1802633",41.89642642,-87.616935772,"(41.89642642, -87.616935772)"
"1803579",41.764894726,-87.576423508,"(41.764894726, -87.576423508)"
"1807198",41.885361997,-87.713705726,"(41.885361997, -87.713705726)"
"1837814",41.943642463,-87.688021759,"(41.943642463, -87.688021759)"
"1841335",41.906242226,-87.669865281,"(41.906242226, -87.669865281)"
"1842456",41.95786556,-87.681194309,"(41.95786556, -87.681194309)"
"1847066",41.808169118,-87.694265245,"(41.808169118, -87.694265245)"
"1848692",41.879832659,-87.632158282,"(41.879832659, -87.632158282)"
"1849083",41.807538456,-87.740953479,"(41.807538456, -87.740953479)"
"1850302",41.883109038,-87.625853913,"(41.883109038, -87.625853913)"
"1850765",41.890170167,-87.621445931,"(41.890170167, -87.621445931)"
"1851249",41.986770248,-87.777702773,"(41.986770248, -87.777702773)"
"1853012",41.879163813,-87.642241656,"(41.879163813, -87.642241656)"
"1864106",41.917647451,-87.805907435,"(41.917647451, -87.805907435)"
"1869507",41.88558187,-87.64531974,"(41.88558187, -87.64531974)"
"1869582",41.743244913,-87.65880161,"(41.743244913, -87.65880161)"
"1873826",41.909167862,-87.792362265,"(41.909167862, -87.792362265)"
"1887603",41.706685283,-87.669672454,"(41.706685283, -87.669672454)"
"1888741",41.883098328,-87.631263269,"(41.883098328, -87.631263269)"
"1889532",41.997693732,-87.698118864,"(41.997693732, -87.698118864)"
"1891214",NA,NA,""
"1891612",41.87801013,-87.637061923,"(41.87801013, -87.637061923)"
"1892350",41.947446509,-87.72171397,"(41.947446509, -87.72171397)"
"1894420",41.934082103,-87.68957719,"(41.934082103, -87.68957719)"
"1902674",41.888740233,-87.6370813,"(41.888740233, -87.6370813)"
"1902697",41.888740233,-87.6370813,"(41.888740233, -87.6370813)"
"1911243",41.966512725,-87.65192874,"(41.966512725, -87.65192874)"
"1912408",41.706685283,-87.669672454,"(41.706685283, -87.669672454)"
"1924712",41.690211495,-87.681253987,"(41.690211495, -87.681253987)"
"1924998",41.978696536,-87.770325505,"(41.978696536, -87.770325505)"
"1926096",NA,NA,""
"1928940",41.76795535,-87.567424948,"(41.76795535, -87.567424948)"
"1939132",41.930470703,-87.766071526,"(41.930470703, -87.766071526)"
"1939668",41.876549368,-87.647873121,"(41.876549368, -87.647873121)"
"1941673",41.703044362,-87.657566711,"(41.703044362, -87.657566711)"
"1951155",41.707065796,-87.566767437,"(41.707065796, -87.566767437)"
"1960378",41.875328857,-87.712150328,"(41.875328857, -87.712150328)"
"1961494",NA,NA,""
"1963751",41.907996429,-87.760741622,"(41.907996429, -87.760741622)"
"1965297",41.874016149,-87.670261095,"(41.874016149, -87.670261095)"
"1965370",41.855600829,-87.68637847,"(41.855600829, -87.68637847)"
"1970917",41.891686231,-87.624308534,"(41.891686231, -87.624308534)"
"1975058",41.814116024,-87.65875916,"(41.814116024, -87.65875916)"
"1975434",41.880614961,-87.629050462,"(41.880614961, -87.629050462)"
"1983032",41.840183523,-87.617009315,"(41.840183523, -87.617009315)"
"1983472",41.967981616,-87.688154919,"(41.967981616, -87.688154919)"
"1986062",NA,NA,""
"1986727",41.914820189,-87.775560689,"(41.914820189, -87.775560689)"
"1986795",NA,NA,""
"1987291",41.837084294,-87.665585716,"(41.837084294, -87.665585716)"
"1987394",NA,NA,""
"1987428",41.977592887,-87.791904907,"(41.977592887, -87.791904907)"
"1988491",41.812496521,-87.704148458,"(41.812496521, -87.704148458)"
"1989926",41.941542707,-87.670127983,"(41.941542707, -87.670127983)"
"1990129",41.893240902,-87.630344179,"(41.893240902, -87.630344179)"
"1991508",41.783059439,-87.683599326,"(41.783059439, -87.683599326)"
"1992724",41.878536198,-87.632414806,"(41.878536198, -87.632414806)"
"1992814",41.992037614,-87.669920397,"(41.992037614, -87.669920397)"
"1993871",NA,NA,""
"1993932",41.886708831,-87.634712582,"(41.886708831, -87.634712582)"
"1994625",41.793725909,-87.65501248,"(41.793725909, -87.65501248)"
"1995224",41.77316867,-87.741966369,"(41.77316867, -87.741966369)"
"1996825",41.924102822,-87.756452662,"(41.924102822, -87.756452662)"
"1997222",41.750964621,-87.629963751,"(41.750964621, -87.629963751)"
"1997407",41.903806596,-87.630408286,"(41.903806596, -87.630408286)"
"1997441",41.750964621,-87.629963751,"(41.750964621, -87.629963751)"
"1997953",41.924373501,-87.735864921,"(41.924373501, -87.735864921)"
"1999912",41.729264191,-87.551237878,"(41.729264191, -87.551237878)"
"1999942",41.935625594,-87.656392313,"(41.935625594, -87.656392313)"
"2001486",41.882752392,-87.624535842,"(41.882752392, -87.624535842)"
"2002732",41.877985174,-87.624460005,"(41.877985174, -87.624460005)"
"2003576",41.954320065,-87.674469648,"(41.954320065, -87.674469648)"
"2004560",41.893699714,-87.631327149,"(41.893699714, -87.631327149)"
"2006027",41.93208992,-87.712015174,"(41.93208992, -87.712015174)"
"2006877",41.954272732,-87.678186921,"(41.954272732, -87.678186921)"
"2008364",41.891536979,-87.629488751,"(41.891536979, -87.629488751)"
"2010229",41.84238663,-87.623553916,"(41.84238663, -87.623553916)"
"2010526",41.902436163,-87.634280353,"(41.902436163, -87.634280353)"
"2017697",41.986676168,-87.839361587,"(41.986676168, -87.839361587)"
"2020021",41.909504258,-87.755511377,"(41.909504258, -87.755511377)"
"2021158",41.982776093,-87.660045533,"(41.982776093, -87.660045533)"
"2021778",41.802282477,-87.610884881,"(41.802282477, -87.610884881)"
"2022090",41.793725909,-87.65501248,"(41.793725909, -87.65501248)"
"2022222",41.969504285,-87.700414126,"(41.969504285, -87.700414126)"
"2024628",41.990009493,-87.748100199,"(41.990009493, -87.748100199)"
"2025074",41.913448748,-87.637441077,"(41.913448748, -87.637441077)"
"2028987",41.95989682,-87.731021915,"(41.95989682, -87.731021915)"
"2029765",41.928269905,-87.641917677,"(41.928269905, -87.641917677)"
"2033157",41.878331246,-87.627180794,"(41.878331246, -87.627180794)"
"2050140",41.899989717,-87.625105604,"(41.899989717, -87.625105604)"
"2050177",41.898948184,-87.623978431,"(41.898948184, -87.623978431)"
"2052386",41.881820258,-87.635437847,"(41.881820258, -87.635437847)"
"2057404",41.896420402,-87.64649265,"(41.896420402, -87.64649265)"
"2062274",41.883008824,-87.655185318,"(41.883008824, -87.655185318)"
"2066605",41.702093161,-87.565134688,"(41.702093161, -87.565134688)"
"2067154",41.756415661,-87.675988314,"(41.756415661, -87.675988314)"
"2070191",41.924428041,-87.647415985,"(41.924428041, -87.647415985)"
"2080882",41.75033427,-87.665045312,"(41.75033427, -87.665045312)"
"2086896",41.76460796,-87.68867896,"(41.76460796, -87.68867896)"
"2102549",41.954512443,-87.652876409,"(41.954512443, -87.652876409)"
"2107485",41.979006297,-87.906463155,"(41.979006297, -87.906463155)"
"2108336",41.886816783,-87.634413935,"(41.886816783, -87.634413935)"
"2112384",41.956520137,-87.673855074,"(41.956520137, -87.673855074)"
"2136825",41.75049487,-87.605217567,"(41.75049487, -87.605217567)"
"2142470",41.942378497,-87.679488586,"(41.942378497, -87.679488586)"
"2145303",41.910428189,-87.680575233,"(41.910428189, -87.680575233)"
"2146514",41.965665255,-87.654791122,"(41.965665255, -87.654791122)"
"2150573",41.932814501,-87.644228018,"(41.932814501, -87.644228018)"
"2176275",41.88435866,-87.634080838,"(41.88435866, -87.634080838)"
"2176306",41.75139611,-87.654245291,"(41.75139611, -87.654245291)"
"2180526",41.799533532,-87.589937768,"(41.799533532, -87.589937768)"
"2187974",41.951318074,-87.768199039,"(41.951318074, -87.768199039)"
"2218040",41.913889751,-87.677394994,"(41.913889751, -87.677394994)"
"2224324",41.953434516,-87.746449709,"(41.953434516, -87.746449709)"
"2255481",41.854797313,-87.707779087,"(41.854797313, -87.707779087)"
"2265739",41.882553868,-87.624383802,"(41.882553868, -87.624383802)"
"2276853",41.735931109,-87.653642482,"(41.735931109, -87.653642482)"
"2278832",41.924452852,-87.729525431,"(41.924452852, -87.729525431)"
"2278913",41.927981856,-87.746447869,"(41.927981856, -87.746447869)"
"2294167",41.706575516,-87.669673583,"(41.706575516, -87.669673583)"
"2312686",41.980105327,-87.806977483,"(41.980105327, -87.806977483)"
"2315832",41.728235908,-87.551360252,"(41.728235908, -87.551360252)"
"2321040",41.910117898,-87.746104545,"(41.910117898, -87.746104545)"
"2326444",41.883211912,-87.631438294,"(41.883211912, -87.631438294)"
"2331916",41.741820708,-87.566086719,"(41.741820708, -87.566086719)"
"2356704",41.921998278,-87.78335426,"(41.921998278, -87.78335426)"
"2365461",41.901098417,-87.631367332,"(41.901098417, -87.631367332)"
"2372306",41.851292693,-87.63988068,"(41.851292693, -87.63988068)"
"2378968",41.876116729,-87.693702591,"(41.876116729, -87.693702591)"
"2382678",41.873236088,-87.740923693,"(41.873236088, -87.740923693)"
"2389575",41.673500139,-87.628538359,"(41.673500139, -87.628538359)"
"2390429",41.90082976,-87.624266161,"(41.90082976, -87.624266161)"
"2399106",41.928047505,-87.732085974,"(41.928047505, -87.732085974)"
"2402606",41.819540954,-87.664304222,"(41.819540954, -87.664304222)"
"2405251",41.964425823,-87.665246751,"(41.964425823, -87.665246751)"
"2411537",41.967860872,-87.674146279,"(41.967860872, -87.674146279)"
"2414008",41.812503146,-87.622922859,"(41.812503146, -87.622922859)"
"2423981",41.924614986,-87.716148188,"(41.924614986, -87.716148188)"
"2426548",41.8819915,-87.639695731,"(41.8819915, -87.639695731)"
"2428290",41.745853357,-87.59946923,"(41.745853357, -87.59946923)"
"2436437",41.87813609,-87.632055653,"(41.87813609, -87.632055653)"
"2450204",41.882764906,-87.632386952,"(41.882764906, -87.632386952)"
"2460692",41.935382836,-87.698939704,"(41.935382836, -87.698939704)"
"2461280",41.922357895,-87.784527019,"(41.922357895, -87.784527019)"
"2463344",41.791949966,-87.643883364,"(41.791949966, -87.643883364)"
"2482394",NA,NA,""
"2489299",41.996006062,-87.786605964,"(41.996006062, -87.786605964)"
"2493413",41.942309918,-87.652579794,"(41.942309918, -87.652579794)"
"2499555",41.721056769,-87.673868941,"(41.721056769, -87.673868941)"
"2502105",41.720384513,-87.663919828,"(41.720384513, -87.663919828)"
"2504635",41.734833707,-87.663040714,"(41.734833707, -87.663040714)"
"2518266",41.931584541,-87.742607495,"(41.931584541, -87.742607495)"
"2540185",41.846349571,-87.681461914,"(41.846349571, -87.681461914)"
"2542932",41.878229908,-87.626766976,"(41.878229908, -87.626766976)"
"2548273",41.751427982,-87.591497227,"(41.751427982, -87.591497227)"
"2551649",41.984823611,-87.660104879,"(41.984823611, -87.660104879)"
"2551788",41.961378835,-87.684221222,"(41.961378835, -87.684221222)"
"2555299",41.925145282,-87.668581762,"(41.925145282, -87.668581762)"
"2572892",41.884833147,-87.635390369,"(41.884833147, -87.635390369)"
"2582756",41.844377423,-87.715396861,"(41.844377423, -87.715396861)"
"2583794",41.861165652,-87.695606359,"(41.861165652, -87.695606359)"
"2594967",41.988892163,-87.786409357,"(41.988892163, -87.786409357)"
"2603402",41.924051234,-87.760399665,"(41.924051234, -87.760399665)"
"2618551",41.888267493,-87.627075047,"(41.888267493, -87.627075047)"
"2628332",41.706767719,-87.656982052,"(41.706767719, -87.656982052)"
"2631544",41.889730129,-87.734259715,"(41.889730129, -87.734259715)"
"2644045",41.911815675,-87.677493382,"(41.911815675, -87.677493382)"
"2647622",41.931657695,-87.737116292,"(41.931657695, -87.737116292)"
"2648719",41.884466997,-87.634296325,"(41.884466997, -87.634296325)"
"2651665",41.951912521,-87.677192781,"(41.951912521, -87.677192781)"
"2652113",41.750226609,-87.673482519,"(41.750226609, -87.673482519)"
"2658494",41.79232838,-87.782626933,"(41.79232838, -87.782626933)"
"2684618",41.966183648,-87.666927174,"(41.966183648, -87.666927174)"
"2685262",41.881632203,-87.656283167,"(41.881632203, -87.656283167)"
"2694255",41.883163417,-87.644732419,"(41.883163417, -87.644732419)"
"2694815",41.853856172,-87.631803395,"(41.853856172, -87.631803395)"
"2696936",41.864682862,-87.652886265,"(41.864682862, -87.652886265)"
"2711055",NA,NA,""
"2712960",41.743585923,-87.558817736,"(41.743585923, -87.558817736)"
"2713784",41.780454578,-87.771450667,"(41.780454578, -87.771450667)"
"2722274",41.873968788,-87.625987769,"(41.873968788, -87.625987769)"
"2725657",41.981104464,-87.837863613,"(41.981104464, -87.837863613)"
"2731206",41.977737537,-87.910660541,"(41.977737537, -87.910660541)"
"2737136",41.961781633,-87.730934306,"(41.961781633, -87.730934306)"
"2738116",41.88412906,-87.647428549,"(41.88412906, -87.647428549)"
"2738209",41.797354627,-87.751737652,"(41.797354627, -87.751737652)"
"2738244",41.744911962,-87.605060787,"(41.744911962, -87.605060787)"
"2738476",41.922933197,-87.645249317,"(41.922933197, -87.645249317)"
"2738490",41.747387654,-87.585882075,"(41.747387654, -87.585882075)"
"2738554",41.875057322,-87.627620732,"(41.875057322, -87.627620732)"
"2738614",41.879097968,-87.632283818,"(41.879097968, -87.632283818)"
"2740641",41.874422837,-87.625299815,"(41.874422837, -87.625299815)"
"2740805",41.899233184,-87.708969139,"(41.899233184, -87.708969139)"
"2741834",41.881601409,-87.624350265,"(41.881601409, -87.624350265)"
"2743867",41.928879911,-87.661465158,"(41.928879911, -87.661465158)"
"2754851",41.894886472,-87.627501647,"(41.894886472, -87.627501647)"
"2760546",41.684785236,-87.66347623,"(41.684785236, -87.66347623)"
"2769499",41.968469116,-87.706807931,"(41.968469116, -87.706807931)"
"2774467",41.882114362,-87.632361012,"(41.882114362, -87.632361012)"
"2775616",42.00920381,-87.660712548,"(42.00920381, -87.660712548)"
"2781678",41.872133297,-87.705862381,"(41.872133297, -87.705862381)"
"2786121",41.736272399,-87.64413477,"(41.736272399, -87.64413477)"
"2788841",41.886335464,-87.636042402,"(41.886335464, -87.636042402)"
"2790870",41.929021183,-87.652835023,"(41.929021183, -87.652835023)"
"2797235",41.876661502,-87.647809501,"(41.876661502, -87.647809501)"
"2798194",41.734858023,-87.55137519,"(41.734858023, -87.55137519)"
"2804646",41.886587921,-87.624386945,"(41.886587921, -87.624386945)"
"2808657",41.707218674,-87.531659545,"(41.707218674, -87.531659545)"
"2809198",41.750150624,-87.642806316,"(41.750150624, -87.642806316)"
"2810660",41.655276603,-87.597278192,"(41.655276603, -87.597278192)"
"2822813",42.008439995,-87.666195635,"(42.008439995, -87.666195635)"
"2823688",41.842885959,-87.641523855,"(41.842885959, -87.641523855)"
"2826551",42.01026603,-87.670658269,"(42.01026603, -87.670658269)"
"2829052",42.0017724,-87.814565503,"(42.0017724, -87.814565503)"
"2838874",42.020271587,-87.67308633,"(42.020271587, -87.67308633)"
"2844848",41.848131507,-87.663496243,"(41.848131507, -87.663496243)"
"2844989",41.89513029,-87.738914309,"(41.89513029, -87.738914309)"
"2857759",41.774413864,-87.602146238,"(41.774413864, -87.602146238)"
"2875586",41.90681245,-87.736256455,"(41.90681245, -87.736256455)"
"2892848",41.904466173,-87.631462688,"(41.904466173, -87.631462688)"
"2897903",41.892694698,-87.626750816,"(41.892694698, -87.626750816)"
"2898132",41.830651986,-87.62664099,"(41.830651986, -87.62664099)"
"2901931",41.810497862,-87.618183812,"(41.810497862, -87.618183812)"
"2908755",41.757630995,-87.585708249,"(41.757630995, -87.585708249)"
"2910256",41.834988467,-87.715755057,"(41.834988467, -87.715755057)"
"2916711",41.899768352,-87.660863127,"(41.899768352, -87.660863127)"
"2917975",41.973285031,-87.656968197,"(41.973285031, -87.656968197)"
"2919393",41.896472326,-87.643252484,"(41.896472326, -87.643252484)"
"2919617",41.848131507,-87.663496243,"(41.848131507, -87.663496243)"
"2920457",41.913045372,-87.805908584,"(41.913045372, -87.805908584)"
"2920571",41.935981892,-87.755224653,"(41.935981892, -87.755224653)"
"2922094",41.732766645,-87.585560677,"(41.732766645, -87.585560677)"
"2924055",41.901845588,-87.715544681,"(41.901845588, -87.715544681)"
"2924252",41.948547685,-87.647995608,"(41.948547685, -87.647995608)"
"2927277",41.961757127,-87.65658641,"(41.961757127, -87.65658641)"
"2932053",41.891035673,-87.629633817,"(41.891035673, -87.629633817)"
"2932672",41.74630952,-87.657267106,"(41.74630952, -87.657267106)"
"2934173",41.903173023,-87.678268765,"(41.903173023, -87.678268765)"
"2937252",41.96541052,-87.656731596,"(41.96541052, -87.656731596)"
"2937844",41.767508679,-87.683320046,"(41.767508679, -87.683320046)"
"2937927",41.6837713,-87.680905333,"(41.6837713, -87.680905333)"
"2941464",42.001550738,-87.659387754,"(42.001550738, -87.659387754)"
"2942367",41.953232321,-87.654507591,"(41.953232321, -87.654507591)"
"2943269",41.980974046,-87.844569423,"(41.980974046, -87.844569423)"
"2948047",41.986186721,-87.777340029,"(41.986186721, -87.777340029)"
"2949641",41.886439939,-87.632467972,"(41.886439939, -87.632467972)"
"2955859",41.735944679,-87.652689734,"(41.735944679, -87.652689734)"
"2959320",41.707265931,-87.616922969,"(41.707265931, -87.616922969)"
"2967767",41.895813392,-87.682685455,"(41.895813392, -87.682685455)"
"2968635",41.881679072,-87.629391306,"(41.881679072, -87.629391306)"
"2972580",41.975304428,-87.653659096,"(41.975304428, -87.653659096)"
"2972914",41.777781074,-87.703109392,"(41.777781074, -87.703109392)"
"2973160",41.810750189,-87.642372279,"(41.810750189, -87.642372279)"
"2984744",41.922663708,-87.725900835,"(41.922663708, -87.725900835)"
"2985738",41.895140898,-87.624255632,"(41.895140898, -87.624255632)"
"3006340",41.891465732,-87.624153044,"(41.891465732, -87.624153044)"
"3019603",41.983921784,-87.689461553,"(41.983921784, -87.689461553)"
"3030767",41.736288276,-87.641753075,"(41.736288276, -87.641753075)"
"3046056",41.780595495,-87.68367553,"(41.780595495, -87.68367553)"
"3054313",41.924320075,-87.740381541,"(41.924320075, -87.740381541)"
"3055283",41.97452669,-87.767251051,"(41.97452669, -87.767251051)"
"3056447",41.838150663,-87.638103333,"(41.838150663, -87.638103333)"
"3057346",41.808855912,-87.664976619,"(41.808855912, -87.664976619)"
"3057727",41.88221592,-87.638687118,"(41.88221592, -87.638687118)"
"3072601",41.736819983,-87.565175308,"(41.736819983, -87.565175308)"
"3078749",41.734833707,-87.663040714,"(41.734833707, -87.663040714)"
"3082249",41.913819797,-87.749318454,"(41.913819797, -87.749318454)"
"3083108",41.89658837,-87.634759184,"(41.89658837, -87.634759184)"
"3091186",41.809590565,-87.674814057,"(41.809590565, -87.674814057)"
"3095354",41.892605313,-87.619839586,"(41.892605313, -87.619839586)"
"3096669",41.884476226,-87.631310613,"(41.884476226, -87.631310613)"
"3097596",41.763739346,-87.578086536,"(41.763739346, -87.578086536)"
"3101041",41.963752609,-87.718116468,"(41.963752609, -87.718116468)"
"3101748",41.88233367,-87.627841791,"(41.88233367, -87.627841791)"
"3105407",41.890851747,-87.628728678,"(41.890851747, -87.628728678)"
"3106329",41.896010965,-87.624279065,"(41.896010965, -87.624279065)"
"3124194",41.835890113,-87.654743567,"(41.835890113, -87.654743567)"
"3125855",41.89804054,-87.624091323,"(41.89804054, -87.624091323)"
"3129131",41.895853035,-87.635681772,"(41.895853035, -87.635681772)"
"3132889",41.734160089,-87.599074774,"(41.734160089, -87.599074774)"
"3136093",41.993773315,-87.801427869,"(41.993773315, -87.801427869)"
"3138058",42.000866915,-87.671561511,"(42.000866915, -87.671561511)"
"3142441",41.980974046,-87.844569423,"(41.980974046, -87.844569423)"
"3152693",41.952899941,-87.787735495,"(41.952899941, -87.787735495)"
"3155390",41.980958608,-87.845455914,"(41.980958608, -87.845455914)"
"3155785",41.989896641,-87.748572068,"(41.989896641, -87.748572068)"
"3157482",41.74806235,-87.682801662,"(41.74806235, -87.682801662)"
"3168555",41.763143931,-87.61842033,"(41.763143931, -87.61842033)"
"3169102",41.880138214,-87.632312841,"(41.880138214, -87.632312841)"
"3169622",41.939011497,-87.733291461,"(41.939011497, -87.733291461)"
"3181159",41.947169937,-87.657692781,"(41.947169937, -87.657692781)"
"3182447",41.887970623,-87.621661324,"(41.887970623, -87.621661324)"
"3185807",41.894539838,-87.624243916,"(41.894539838, -87.624243916)"
"3189359",41.983794897,-87.713778396,"(41.983794897, -87.713778396)"
"3194763",41.886817001,-87.629059469,"(41.886817001, -87.629059469)"
"3199802",41.935437448,-87.650109603,"(41.935437448, -87.650109603)"
"3201760",41.881969504,-87.631558385,"(41.881969504, -87.631558385)"
"3202789",41.885901992,-87.632455489,"(41.885901992, -87.632455489)"
"3203345",41.881988297,-87.630144384,"(41.881988297, -87.630144384)"
"3210224",41.879235852,-87.624347038,"(41.879235852, -87.624347038)"
"3213390",41.910889814,-87.688450951,"(41.910889814, -87.688450951)"
"3213534",NA,NA,""
"3229565",41.872034984,-87.683738094,"(41.872034984, -87.683738094)"
"3234171",41.953798752,-87.716980636,"(41.953798752, -87.716980636)"
"3234359",41.881016537,-87.632339962,"(41.881016537, -87.632339962)"
"3235007",41.722359092,-87.584124547,"(41.722359092, -87.584124547)"
"3236476",41.88065447,-87.634168963,"(41.88065447, -87.634168963)"
"3237184",41.901774026,-87.709414574,"(41.901774026, -87.709414574)"
"3237902",41.902978257,-87.665891392,"(41.902978257, -87.665891392)"
"3239076",41.735687939,-87.670740576,"(41.735687939, -87.670740576)"
"3242054",41.892028376,-87.624165184,"(41.892028376, -87.624165184)"
"3246387",41.742710224,-87.634088181,"(41.742710224, -87.634088181)"
"3249539",41.879030298,-87.636948032,"(41.879030298, -87.636948032)"
"3249785",NA,NA,""
"3258606",41.894760587,-87.63654578,"(41.894760587, -87.63654578)"
"3264007",41.899800694,-87.661700282,"(41.899800694, -87.661700282)"
"3265677",41.900773494,-87.626713182,"(41.900773494, -87.626713182)"
"3269410",41.978443809,-87.770272565,"(41.978443809, -87.770272565)"
"3270024",41.972615704,-87.663565179,"(41.972615704, -87.663565179)"
"3276248",41.9116839,-87.745917518,"(41.9116839, -87.745917518)"
"3282909",41.931726484,-87.731889722,"(41.931726484, -87.731889722)"
"3283828",41.880279804,-87.762443285,"(41.880279804, -87.762443285)"
"3286068",41.852001828,-87.688591335,"(41.852001828, -87.688591335)"
"3288738",41.894775456,-87.770894197,"(41.894775456, -87.770894197)"
"3293732",41.892505345,-87.626304822,"(41.892505345, -87.626304822)"
"3300381",41.900773201,-87.626665433,"(41.900773201, -87.626665433)"
"3300446",41.885415,-87.635402398,"(41.885415, -87.635402398)"
"3305479",41.807558538,-87.703962029,"(41.807558538, -87.703962029)"
"3310451",41.810545834,-87.606588383,"(41.810545834, -87.606588383)"
"3312295",41.781731648,-87.587862886,"(41.781731648, -87.587862886)"
"3317232",41.973927074,-87.707765748,"(41.973927074, -87.707765748)"
"3324714",41.671745455,-87.575330622,"(41.671745455, -87.575330622)"
"3330488",41.847877647,-87.627075379,"(41.847877647, -87.627075379)"
"3333965",41.700340121,-87.563991089,"(41.700340121, -87.563991089)"
"3335998",41.858213965,-87.704772409,"(41.858213965, -87.704772409)"
"3341416",41.760931145,-87.654005486,"(41.760931145, -87.654005486)"
"3346031",41.831136848,-87.67642424,"(41.831136848, -87.67642424)"
"3351753",41.847477888,-87.686390583,"(41.847477888, -87.686390583)"
"3358640",41.908277579,-87.707848703,"(41.908277579, -87.707848703)"
"3359334",41.899800694,-87.661700282,"(41.899800694, -87.661700282)"
"3372455",41.943563652,-87.716112505,"(41.943563652, -87.716112505)"
"3384094",41.989025843,-87.671581177,"(41.989025843, -87.671581177)"
"3388023",41.880801792,-87.625515824,"(41.880801792, -87.625515824)"
"3399316",41.980414475,-87.693347598,"(41.980414475, -87.693347598)"
"3403950",41.880152185,-87.638676422,"(41.880152185, -87.638676422)"
"3406414",42.01291101,-87.688900633,"(42.01291101, -87.688900633)"
"3406481",41.902560451,-87.7173304,"(41.902560451, -87.7173304)"
"3418469",41.889976378,-87.634574144,"(41.889976378, -87.634574144)"
"3422178",41.880312547,-87.658202918,"(41.880312547, -87.658202918)"
"3428761",41.909017952,-87.795500919,"(41.909017952, -87.795500919)"
"3429264",41.917980381,-87.697212498,"(41.917980381, -87.697212498)"
"3435288",41.685013752,-87.647317981,"(41.685013752, -87.647317981)"
"3436405",41.684658319,-87.61256102,"(41.684658319, -87.61256102)"
"3442446",41.807773948,-87.731352252,"(41.807773948, -87.731352252)"
"3457645",41.878260207,-87.625448401,"(41.878260207, -87.625448401)"
"3458175",41.897895128,-87.624096605,"(41.897895128, -87.624096605)"
"3462583",41.968036569,-87.662785792,"(41.968036569, -87.662785792)"
"3463148",41.883219258,-87.626818503,"(41.883219258, -87.626818503)"
"3473354",41.93880761,-87.64923195,"(41.93880761, -87.64923195)"
"3486869",41.966820975,-87.7279893,"(41.966820975, -87.7279893)"
"3488711",41.975805503,-87.807053344,"(41.975805503, -87.807053344)"
"3492507",41.88145568,-87.647346976,"(41.88145568, -87.647346976)"
"3494234",41.903775756,-87.639324074,"(41.903775756, -87.639324074)"
"3495797",41.867236149,-87.641136561,"(41.867236149, -87.641136561)"
"3503438",41.931125217,-87.687868639,"(41.931125217, -87.687868639)"
"3506420",41.721918366,-87.585137009,"(41.721918366, -87.585137009)"
"3508621",41.867784669,-87.710585929,"(41.867784669, -87.710585929)"
"3509260",41.736259984,-87.628068782,"(41.736259984, -87.628068782)"
"3513075",41.967538578,-87.782771519,"(41.967538578, -87.782771519)"
"3513410",41.909058339,-87.792414622,"(41.909058339, -87.792414622)"
"3527734",41.920634332,-87.648595684,"(41.920634332, -87.648595684)"
"3533347",41.793436846,-87.654857841,"(41.793436846, -87.654857841)"
"3545246",41.777423832,-87.648368783,"(41.777423832, -87.648368783)"
"3555133",41.764553455,-87.692180054,"(41.764553455, -87.692180054)"
"3558875",41.892605313,-87.619839586,"(41.892605313, -87.619839586)"
"3571133",41.88022879,-87.632315523,"(41.88022879, -87.632315523)"
"3573094",41.805421178,-87.725964232,"(41.805421178, -87.725964232)"
"3587985",41.779020199,-87.791052371,"(41.779020199, -87.791052371)"
"3588468",41.899552895,-87.624137033,"(41.899552895, -87.624137033)"
"3595379",41.897999824,-87.629068841,"(41.897999824, -87.629068841)"
"3603951",41.884845855,-87.624472307,"(41.884845855, -87.624472307)"
"3610008",41.895565667,-87.636261556,"(41.895565667, -87.636261556)"
"3617643",41.965410173,-87.656672768,"(41.965410173, -87.656672768)"
"3619987",41.917127009,-87.687396123,"(41.917127009, -87.687396123)"
"3635405",41.89361798,-87.634123092,"(41.89361798, -87.634123092)"
"3643008",41.860589284,-87.62399874,"(41.860589284, -87.62399874)"
"3647183",41.837880307,-87.72437669,"(41.837880307, -87.72437669)"
"3658099",41.879030298,-87.636948032,"(41.879030298, -87.636948032)"
"3678666",41.692493455,-87.598703055,"(41.692493455, -87.598703055)"
"3685518",NA,NA,""
"3692729",41.965307005,-87.686380184,"(41.965307005, -87.686380184)"
"3693096",41.896763927,-87.622228525,"(41.896763927, -87.622228525)"
"3695744",41.909058339,-87.792414622,"(41.909058339, -87.792414622)"
"3705026",41.954176867,-87.677257789,"(41.954176867, -87.677257789)"
"3707829",41.931157196,-87.726959515,"(41.931157196, -87.726959515)"
"3709048",41.88065447,-87.634168963,"(41.88065447, -87.634168963)"
"3709558",41.749959446,-87.688294165,"(41.749959446, -87.688294165)"
"3711646",41.953440511,-87.746012173,"(41.953440511, -87.746012173)"
"3718345",41.834202601,-87.663663515,"(41.834202601, -87.663663515)"
"3736207",NA,NA,""
"3748961",41.803426515,-87.723456015,"(41.803426515, -87.723456015)"
"3749346",41.908880377,-87.649445039,"(41.908880377, -87.649445039)"
"3750363",41.951376812,-87.668978338,"(41.951376812, -87.668978338)"
"3750484",41.968443478,-87.709154212,"(41.968443478, -87.709154212)"
"3760436",41.96181461,-87.755502272,"(41.96181461, -87.755502272)"
"3761333",41.884650262,-87.627915459,"(41.884650262, -87.627915459)"
"3768552",41.854573555,-87.695536037,"(41.854573555, -87.695536037)"
"3770477",41.936297697,-87.652640062,"(41.936297697, -87.652640062)"
"3773868",NA,NA,""
"3785096",41.7727202,-87.586295567,"(41.7727202, -87.586295567)"
"3787590",41.909105144,-87.788384111,"(41.909105144, -87.788384111)"
"3789280",41.981015746,-87.842123304,"(41.981015746, -87.842123304)"
"3790693",41.837482638,-87.640180246,"(41.837482638, -87.640180246)"
"3790704",NA,NA,""
"3792132",NA,NA,""
"3792362",NA,NA,""
"3799142",41.845577671,-87.627475027,"(41.845577671, -87.627475027)"
"3802515",41.830176645,-87.690542273,"(41.830176645, -87.690542273)"
"3804574",41.891514405,-87.639306236,"(41.891514405, -87.639306236)"
"3806393",41.879500723,-87.626804385,"(41.879500723, -87.626804385)"
"3810370",41.980111511,-87.771795209,"(41.980111511, -87.771795209)"
"3811112",NA,NA,""
"3811951",NA,NA,""
"3812734",41.894928829,-87.755903553,"(41.894928829, -87.755903553)"
"3814278",41.880779724,-87.626834361,"(41.880779724, -87.626834361)"
"3817180",41.975885485,-87.690211829,"(41.975885485, -87.690211829)"
"3820836",41.917980381,-87.697212498,"(41.917980381, -87.697212498)"
"3821334",41.900797625,-87.624839547,"(41.900797625, -87.624839547)"
"3821606",41.941337407,-87.734640656,"(41.941337407, -87.734640656)"
"3821788",NA,NA,""
"3824228",41.887743028,-87.72949297,"(41.887743028, -87.72949297)"
"3826955",41.694533094,-87.708287258,"(41.694533094, -87.708287258)"
"3828896",41.795991039,-87.630542489,"(41.795991039, -87.630542489)"
"3840242",41.736911023,-87.740932463,"(41.736911023, -87.740932463)"
"3848800",41.867236282,-87.641158588,"(41.867236282, -87.641158588)"
"3850647",41.969107389,-87.653552149,"(41.969107389, -87.653552149)"
"3850678",NA,NA,""
"3853738",41.736511964,-87.613824467,"(41.736511964, -87.613824467)"
"3863121",41.891694878,-87.626155832,"(41.891694878, -87.626155832)"
"3865449",41.961628063,-87.666419454,"(41.961628063, -87.666419454)"
"3868756",NA,NA,""
"3870400",41.982161273,-87.668500261,"(41.982161273, -87.668500261)"
"3870546",41.910352443,-87.685127874,"(41.910352443, -87.685127874)"
"3875323",NA,NA,""
"3876195",41.886817431,-87.63452043,"(41.886817431, -87.63452043)"
"3878464",41.965783933,-87.836684351,"(41.965783933, -87.836684351)"
"3880021",NA,NA,""
"3880893",41.947285426,-87.747123671,"(41.947285426, -87.747123671)"
"3882546",NA,NA,""
"3882571",NA,NA,""
"3885239",41.788699253,-87.604954085,"(41.788699253, -87.604954085)"
"3887477",NA,NA,""
"3892762",41.857729001,-87.635971485,"(41.857729001, -87.635971485)"
"3892794",41.884432451,-87.643102964,"(41.884432451, -87.643102964)"
"3894054",41.938167693,-87.795024502,"(41.938167693, -87.795024502)"
"3898715",41.935848276,-87.766402429,"(41.935848276, -87.766402429)"
"3908281",41.891694878,-87.626155832,"(41.891694878, -87.626155832)"
"3909855",NA,NA,""
"3912771",41.977204465,-87.659890921,"(41.977204465, -87.659890921)"
"3913329",41.893179495,-87.634671454,"(41.893179495, -87.634671454)"
"3914272",41.953982767,-87.752267994,"(41.953982767, -87.752267994)"
"3915679",41.993989394,-87.713234419,"(41.993989394, -87.713234419)"
"3917544",41.892505345,-87.626304822,"(41.892505345, -87.626304822)"
"3918426",41.911790978,-87.677493635,"(41.911790978, -87.677493635)"
"3921074",41.939211601,-87.717698178,"(41.939211601, -87.717698178)"
"3922424",41.923869468,-87.707193016,"(41.923869468, -87.707193016)"
"3927984",41.917970185,-87.761534297,"(41.917970185, -87.761534297)"
"3929895",41.90488666,-87.652533001,"(41.90488666, -87.652533001)"
"3929898",NA,NA,""
"3939029",NA,NA,""
"3948537",41.958117037,-87.708148346,"(41.958117037, -87.708148346)"
"3949858",41.918012049,-87.74003577,"(41.918012049, -87.74003577)"
"3951839",41.896343018,-87.624279065,"(41.896343018, -87.624279065)"
"3954170",41.701903637,-87.681480094,"(41.701903637, -87.681480094)"
"3958796",41.817262858,-87.699072292,"(41.817262858, -87.699072292)"
"3970910",41.983770841,-87.689459396,"(41.983770841, -87.689459396)"
"3988931",41.878864086,-87.638503099,"(41.878864086, -87.638503099)"
"3997549",NA,NA,""
"4001000",41.924704122,-87.708779654,"(41.924704122, -87.708779654)"
"4003919",41.921606937,-87.665565006,"(41.921606937, -87.665565006)"
"4005762",NA,NA,""
"4006018",41.866389163,-87.707295294,"(41.866389163, -87.707295294)"
"4007380",41.868528861,-87.625853158,"(41.868528861, -87.625853158)"
"4008560",41.740918989,-87.631967753,"(41.740918989, -87.631967753)"
"4011035",41.754592961,-87.741528537,"(41.754592961, -87.741528537)"
"4013576",41.993717892,-87.655501171,"(41.993717892, -87.655501171)"
"4016223",41.900771022,-87.626757289,"(41.900771022, -87.626757289)"
"4016262",41.893983593,-87.634677382,"(41.893983593, -87.634677382)"
"4016730",41.87907459,-87.655821785,"(41.87907459, -87.655821785)"
"4019699",41.8744162,-87.638591667,"(41.8744162, -87.638591667)"
"4022607",41.903335416,-87.668326825,"(41.903335416, -87.668326825)"
"4024571",41.87907459,-87.655821785,"(41.87907459, -87.655821785)"
"4025928",41.898333269,-87.62750777,"(41.898333269, -87.62750777)"
"4037109",41.798363179,-87.745006141,"(41.798363179, -87.745006141)"
"4038333",41.827007608,-87.735365838,"(41.827007608, -87.735365838)"
"4044081",41.899227252,-87.622954198,"(41.899227252, -87.622954198)"
"4044869",NA,NA,""
"4046624",41.889179863,-87.633110109,"(41.889179863, -87.633110109)"
"4047294",41.711889519,-87.598145297,"(41.711889519, -87.598145297)"
"4051825",NA,NA,""
"4057754",41.894997208,-87.621877156,"(41.894997208, -87.621877156)"
"4063260",41.881988297,-87.630144384,"(41.881988297, -87.630144384)"
"4068547",41.883219258,-87.626818503,"(41.883219258, -87.626818503)"
"4068709",NA,NA,""
"4068756",NA,NA,""
"4071685",41.812586364,-87.74706594,"(41.812586364, -87.74706594)"
"4077149",41.980242532,-87.806976353,"(41.980242532, -87.806976353)"
"4083861",41.909901846,-87.725158497,"(41.909901846, -87.725158497)"
"4085618",NA,NA,""
"4093708",41.704069031,-87.719371518,"(41.704069031, -87.719371518)"
"4095925",41.891062111,-87.617043461,"(41.891062111, -87.617043461)"
"4096112",41.956491315,-87.723237791,"(41.956491315, -87.723237791)"
"4098442",41.891475999,-87.62537228,"(41.891475999, -87.62537228)"
"4100720",41.75996145,-87.663658938,"(41.75996145, -87.663658938)"
"4102644",41.77583176,-87.742183871,"(41.77583176, -87.742183871)"
"4108494",41.891259443,-87.632569542,"(41.891259443, -87.632569542)"
"4108521",41.891259443,-87.632569542,"(41.891259443, -87.632569542)"
"4109157",41.884512384,-87.619812122,"(41.884512384, -87.619812122)"
"4111362",41.79595528,-87.622500536,"(41.79595528, -87.622500536)"
"4114919",41.919006594,-87.725560738,"(41.919006594, -87.725560738)"
"4117455",41.837054941,-87.665729137,"(41.837054941, -87.665729137)"
"4126224",41.814417866,-87.703711463,"(41.814417866, -87.703711463)"
"4127979",41.881592273,-87.636758638,"(41.881592273, -87.636758638)"
"4135765",41.891133566,-87.624134682,"(41.891133566, -87.624134682)"
"4137990",41.866332671,-87.639215203,"(41.866332671, -87.639215203)"
"4138812",41.701903637,-87.681480094,"(41.701903637, -87.681480094)"
"4139423",42.017506557,-87.690197432,"(42.017506557, -87.690197432)"
"4142804",41.997509386,-87.702509549,"(41.997509386, -87.702509549)"
"4148562",41.74221153,-87.663231477,"(41.74221153, -87.663231477)"
"4150359",41.861161041,-87.627270627,"(41.861161041, -87.627270627)"
"4152090",42.016085738,-87.683010173,"(42.016085738, -87.683010173)"
"4153658",NA,NA,""
"4155768",41.883211912,-87.631438294,"(41.883211912, -87.631438294)"
"4158476",41.894729287,-87.639080439,"(41.894729287, -87.639080439)"
"4160202",41.938636968,-87.64960867,"(41.938636968, -87.64960867)"
"4163744",NA,NA,""
"4164019",41.750242033,-87.672346311,"(41.750242033, -87.672346311)"
"4180071",41.796368779,-87.758149694,"(41.796368779, -87.758149694)"
"4188777",41.824937667,-87.6216297,"(41.824937667, -87.6216297)"
"4188934",41.953404656,-87.748126376,"(41.953404656, -87.748126376)"
"4193646",NA,NA,""
"4198429",41.79205503,-87.796773161,"(41.79205503, -87.796773161)"
"4198430",41.953097844,-87.717792495,"(41.953097844, -87.717792495)"
"4201723",41.970281428,-87.657654526,"(41.970281428, -87.657654526)"
"4205036",41.910966915,-87.645006789,"(41.910966915, -87.645006789)"
"4206651",41.881988297,-87.630144384,"(41.881988297, -87.630144384)"
"4206661",NA,NA,""
"4208015",41.959620822,-87.762952622,"(41.959620822, -87.762952622)"
"4210391",41.722362598,-87.58382047,"(41.722362598, -87.58382047)"
"4212203",NA,NA,""
"4219773",NA,NA,""
"4221879",NA,NA,""
"4226426",41.882553868,-87.624383802,"(41.882553868, -87.624383802)"
"4232571",41.84063905,-87.719877002,"(41.84063905, -87.719877002)"
"4240018",41.949640324,-87.713238008,"(41.949640324, -87.713238008)"
"4242637",41.945709574,-87.782455778,"(41.945709574, -87.782455778)"
"4246255",41.967036336,-87.713323052,"(41.967036336, -87.713323052)"
"4252263",41.882114362,-87.632361012,"(41.882114362, -87.632361012)"
"4260380",41.891990384,-87.611461502,"(41.891990384, -87.611461502)"
"4293174",NA,NA,""
"4301441",41.954172786,-87.677504146,"(41.954172786, -87.677504146)"
"4313030",41.937647688,-87.831691001,"(41.937647688, -87.831691001)"
"4321229",41.893454941,-87.617020399,"(41.893454941, -87.617020399)"
"4324294",41.890893195,-87.672631766,"(41.890893195, -87.672631766)"
"4326756",41.946181101,-87.742616123,"(41.946181101, -87.742616123)"
"4351380",41.760327809,-87.702697421,"(41.760327809, -87.702697421)"
"4354797",41.706768086,-87.657044306,"(41.706768086, -87.657044306)"
"4358362",41.895725626,-87.625178429,"(41.895725626, -87.625178429)"
"4362020",41.706768086,-87.657044306,"(41.706768086, -87.657044306)"
"4365271",41.871559953,-87.703393327,"(41.871559953, -87.703393327)"
"4371171",41.900519162,-87.624185113,"(41.900519162, -87.624185113)"
"4373030",41.900797625,-87.624839547,"(41.900797625, -87.624839547)"
"4377228",41.877608332,-87.633713798,"(41.877608332, -87.633713798)"
"4377526",41.971811107,-87.746178078,"(41.971811107, -87.746178078)"
"4378586",41.758772251,-87.585229528,"(41.758772251, -87.585229528)"
"4381194",41.817107002,-87.645752331,"(41.817107002, -87.645752331)"
"4391824",41.956742749,-87.654606368,"(41.956742749, -87.654606368)"
"4402509",41.909461176,-87.758957771,"(41.909461176, -87.758957771)"
"4406533",41.910292604,-87.634683257,"(41.910292604, -87.634683257)"
"4411904",41.958223202,-87.752391243,"(41.958223202, -87.752391243)"
"4413812",41.810386477,-87.604392992,"(41.810386477, -87.604392992)"
"4429825",41.893140033,-87.624204307,"(41.893140033, -87.624204307)"
"4432238",41.826547701,-87.64995876,"(41.826547701, -87.64995876)"
"4433505",41.891133566,-87.624134682,"(41.891133566, -87.624134682)"
"4434086",41.839042095,-87.665781878,"(41.839042095, -87.665781878)"
"4436013",41.819489272,-87.626352851,"(41.819489272, -87.626352851)"
"4436631",41.903478069,-87.631433102,"(41.903478069, -87.631433102)"
"4437882",41.940837255,-87.654135523,"(41.940837255, -87.654135523)"
"4442825",NA,NA,""
"4447385",41.924452852,-87.729525431,"(41.924452852, -87.729525431)"
"4447889",41.882076985,-87.626709904,"(41.882076985, -87.626709904)"
"4452791",41.984669044,-87.669849778,"(41.984669044, -87.669849778)"
"4457326",41.960841335,-87.767254542,"(41.960841335, -87.767254542)"
"4464364",NA,NA,""
"4473864",41.981104464,-87.837863613,"(41.981104464, -87.837863613)"
"4478371",41.753455964,-87.591488535,"(41.753455964, -87.591488535)"
"4479643",41.883057972,-87.652360831,"(41.883057972, -87.652360831)"
"4487466",NA,NA,""
"4494865",41.88221592,-87.638687118,"(41.88221592, -87.638687118)"
"4495165",41.885384381,-87.629486511,"(41.885384381, -87.629486511)"
"4500694",41.713031101,-87.681825499,"(41.713031101, -87.681825499)"
"4501001",41.938436479,-87.77714488,"(41.938436479, -87.77714488)"
"4513325",41.990490364,-87.691238253,"(41.990490364, -87.691238253)"
"4514536",NA,NA,""
"4516171",41.881516473,-87.638742433,"(41.881516473, -87.638742433)"
"4517337",41.910090852,-87.708734759,"(41.910090852, -87.708734759)"
"4521408",41.894440299,-87.626794016,"(41.894440299, -87.626794016)"
"4535628",41.91816619,-87.649334879,"(41.91816619, -87.649334879)"
"4536131",41.912437783,-87.736189335,"(41.912437783, -87.736189335)"
"4545595",41.949092979,-87.643736581,"(41.949092979, -87.643736581)"
"4551214",41.897895128,-87.624096605,"(41.897895128, -87.624096605)"
"4554605",41.900017769,-87.623426629,"(41.900017769, -87.623426629)"
"4557091",41.97634319,-87.658557666,"(41.97634319, -87.658557666)"
"4560551",41.882164053,-87.649707973,"(41.882164053, -87.649707973)"
"4561362",41.959009912,-87.682164298,"(41.959009912, -87.682164298)"
"4562572",41.965224422,-87.669985383,"(41.965224422, -87.669985383)"
"4573763",41.841683482,-87.613752074,"(41.841683482, -87.613752074)"
"4579486",41.940636669,-87.644419469,"(41.940636669, -87.644419469)"
"4585533",41.910723622,-87.67800053,"(41.910723622, -87.67800053)"
"4593628",41.884650262,-87.627915459,"(41.884650262, -87.627915459)"
"4594584",41.793241282,-87.664563122,"(41.793241282, -87.664563122)"
"4595355",41.910437056,-87.73721094,"(41.910437056, -87.73721094)"
"4595934",41.976290414,-87.905227221,"(41.976290414, -87.905227221)"
"4596180",41.892753031,-87.624193896,"(41.892753031, -87.624193896)"
"4598582",41.910071735,-87.633113277,"(41.910071735, -87.633113277)"
"4604414",41.873732481,-87.702226415,"(41.873732481, -87.702226415)"
"4606297",41.935432921,-87.668504341,"(41.935432921, -87.668504341)"
"4612901",41.871852149,-87.639346414,"(41.871852149, -87.639346414)"
"4615603",41.928822325,-87.687781609,"(41.928822325, -87.687781609)"
"4615857",41.930966504,-87.78739692,"(41.930966504, -87.78739692)"
"4620587",41.85834606,-87.640894724,"(41.85834606, -87.640894724)"
"4624976",41.921292958,-87.726678123,"(41.921292958, -87.726678123)"
"4629510",41.9462595,-87.73655018,"(41.9462595, -87.73655018)"
"4636968",41.891259443,-87.632569542,"(41.891259443, -87.632569542)"
"4638001",41.922459955,-87.644585639,"(41.922459955, -87.644585639)"
"4638890",41.922459955,-87.644585639,"(41.922459955, -87.644585639)"
"4639608",41.931980314,-87.711538479,"(41.931980314, -87.711538479)"
"4640053",41.945005756,-87.645842759,"(41.945005756, -87.645842759)"
"4642617",41.9116839,-87.745917518,"(41.9116839, -87.745917518)"
"4652418",41.905844192,-87.726398267,"(41.905844192, -87.726398267)"
"4656952",41.962274034,-87.688708871,"(41.962274034, -87.688708871)"
"4672659",41.916346321,-87.686672835,"(41.916346321, -87.686672835)"
"4683243",41.910021537,-87.631633283,"(41.910021537, -87.631633283)"
"4688194",41.87903266,-87.626108184,"(41.87903266, -87.626108184)"
"4691144",41.893946016,-87.637527948,"(41.893946016, -87.637527948)"
"4693225",41.988105225,-87.703544047,"(41.988105225, -87.703544047)"
"4698692",41.735735294,-87.667065243,"(41.735735294, -87.667065243)"
"4707418",41.782260071,-87.637541471,"(41.782260071, -87.637541471)"
"4711756",41.910472572,-87.678249245,"(41.910472572, -87.678249245)"
"4712331",41.87490098,-87.694680396,"(41.87490098, -87.694680396)"
"4715314",41.945031935,-87.706511809,"(41.945031935, -87.706511809)"
"4719199",41.879667054,-87.63696315,"(41.879667054, -87.63696315)"
"4725258",41.909494427,-87.659078467,"(41.909494427, -87.659078467)"
"4726504",41.881612797,-87.626197242,"(41.881612797, -87.626197242)"
"4728879",41.972433255,-87.677114595,"(41.972433255, -87.677114595)"
"4733210",41.790353984,-87.604942686,"(41.790353984, -87.604942686)"
"4734497",41.736972708,-87.581628135,"(41.736972708, -87.581628135)"
"4740045",41.865799781,-87.751242557,"(41.865799781, -87.751242557)"
"4746275",41.754592961,-87.741528537,"(41.754592961, -87.741528537)"
"4759171",41.90536308,-87.641790193,"(41.90536308, -87.641790193)"
"4760427",41.897895128,-87.624096605,"(41.897895128, -87.624096605)"
"4767846",41.754592961,-87.741528537,"(41.754592961, -87.741528537)"
"4778296",41.953046396,-87.777080376,"(41.953046396, -87.777080376)"
"4778959",41.900519162,-87.624185113,"(41.900519162, -87.624185113)"
"4781085",41.966728607,-87.767445112,"(41.966728607, -87.767445112)"
"4790817",41.88030381,-87.636978269,"(41.88030381, -87.636978269)"
"4797203",41.827063414,-87.692286867,"(41.827063414, -87.692286867)"
"4798197",41.866810739,-87.625817031,"(41.866810739, -87.625817031)"
"4810257",41.903163474,-87.629353725,"(41.903163474, -87.629353725)"
"4811519",41.918747633,-87.660425069,"(41.918747633, -87.660425069)"
"4817779",41.815081558,-87.702633797,"(41.815081558, -87.702633797)"
"4825194",41.953347429,-87.753071521,"(41.953347429, -87.753071521)"
"4825702",41.910374897,-87.630181927,"(41.910374897, -87.630181927)"
"4828018",41.95112622,-87.789268881,"(41.95112622, -87.789268881)"
"4838222",41.880704482,-87.630224558,"(41.880704482, -87.630224558)"
"4840458",41.744976048,-87.614803635,"(41.744976048, -87.614803635)"
"4840760",41.924102822,-87.756452662,"(41.924102822, -87.756452662)"
"4843190",41.890575096,-87.64877725,"(41.890575096, -87.64877725)"
"4849207",41.898253754,-87.672243683,"(41.898253754, -87.672243683)"
"4854165",41.80630882,-87.664907728,"(41.80630882, -87.664907728)"
"4855241",41.874112944,-87.670865933,"(41.874112944, -87.670865933)"
"4857457",41.881988297,-87.630144384,"(41.881988297, -87.630144384)"
"4861970",41.871602761,-87.668156508,"(41.871602761, -87.668156508)"
"4869032",41.891990384,-87.611461502,"(41.891990384, -87.611461502)"
"4869732",41.927235118,-87.726849666,"(41.927235118, -87.726849666)"
"4870009",41.853196979,-87.658734077,"(41.853196979, -87.658734077)"
"4870294",41.866215831,-87.721985854,"(41.866215831, -87.721985854)"
"4870392",41.890536881,-87.614236053,"(41.890536881, -87.614236053)"
"4873390",41.87678674,-87.638510915,"(41.87678674, -87.638510915)"
"4873567",41.736269116,-87.627768243,"(41.736269116, -87.627768243)"
"4874535",41.957171703,-87.688558086,"(41.957171703, -87.688558086)"
"4876280",41.7226854,-87.635964722,"(41.7226854, -87.635964722)"
"4876283",41.884486217,-87.628908795,"(41.884486217, -87.628908795)"
"4887430",41.887521986,-87.624552898,"(41.887521986, -87.624552898)"
"4888388",41.879497199,-87.627123892,"(41.879497199, -87.627123892)"
"4891230",41.953958097,-87.701365724,"(41.953958097, -87.701365724)"
"4895666",41.853853291,-87.625519384,"(41.853853291, -87.625519384)"
"4897403",41.800175766,-87.589101486,"(41.800175766, -87.589101486)"
"4898357",41.9646299,-87.656982534,"(41.9646299, -87.656982534)"
"4900792",41.984669044,-87.669849778,"(41.984669044, -87.669849778)"
"4902019",41.883500187,-87.627876698,"(41.883500187, -87.627876698)"
"4904107",41.894898559,-87.759720016,"(41.894898559, -87.759720016)"
"4915560",41.736819983,-87.565175308,"(41.736819983, -87.565175308)"
"4916964",41.875272573,-87.624251314,"(41.875272573, -87.624251314)"
"4929785",41.869284974,-87.665037758,"(41.869284974, -87.665037758)"
"4930243",41.986261826,-87.660148577,"(41.986261826, -87.660148577)"
"4935485",41.757614433,-87.586115266,"(41.757614433, -87.586115266)"
"4944724",41.885637091,-87.649050312,"(41.885637091, -87.649050312)"
"4953985",41.900299593,-87.624180196,"(41.900299593, -87.624180196)"
"4965828",41.951647354,-87.649620367,"(41.951647354, -87.649620367)"
"4967177",41.963545529,-87.757005186,"(41.963545529, -87.757005186)"
"4969153",41.88221592,-87.638687118,"(41.88221592, -87.638687118)"
"4971974",41.825531221,-87.648391913,"(41.825531221, -87.648391913)"
"4987327",41.946221444,-87.708253555,"(41.946221444, -87.708253555)"
"4989661",41.894949856,-87.62353785,"(41.894949856, -87.62353785)"
"4990376",41.783705853,-87.722902285,"(41.783705853, -87.722902285)"
"4991434",41.990431034,-87.660281213,"(41.990431034, -87.660281213)"
"4996581",41.97043926,-87.650011483,"(41.97043926, -87.650011483)"
"4996726",41.908170625,-87.674014962,"(41.908170625, -87.674014962)"
"4998233",41.884924096,-87.630953163,"(41.884924096, -87.630953163)"
"5002338",41.980236442,-87.759874212,"(41.980236442, -87.759874212)"
"5022488",41.799551527,-87.588056142,"(41.799551527, -87.588056142)"
"5026945",41.957243956,-87.646137712,"(41.957243956, -87.646137712)"
"5027067",41.886082567,-87.642784063,"(41.886082567, -87.642784063)"
"5027197",41.880691384,-87.631223519,"(41.880691384, -87.631223519)"
"5027553",41.882080827,-87.636771693,"(41.882080827, -87.636771693)"
"5030143",41.89804054,-87.624091323,"(41.89804054, -87.624091323)"
"5030899",41.665814864,-87.558853882,"(41.665814864, -87.558853882)"
"5033409",41.895832935,-87.700422143,"(41.895832935, -87.700422143)"
"5042081",41.884479586,-87.630065654,"(41.884479586, -87.630065654)"
"5043392",41.976181463,-87.836618285,"(41.976181463, -87.836618285)"
"5043830",41.706204287,-87.699685293,"(41.706204287, -87.699685293)"
"5045081",41.865820647,-87.749946406,"(41.865820647, -87.749946406)"
"5061441",41.919790638,-87.661865485,"(41.919790638, -87.661865485)"
"5062861",41.907009918,-87.6345868,"(41.907009918, -87.6345868)"
"5066882",41.95314454,-87.72760405,"(41.95314454, -87.72760405)"
"5067580",41.895197128,-87.648900523,"(41.895197128, -87.648900523)"
"5069947",41.894563504,-87.622745105,"(41.894563504, -87.622745105)"
"5071139",41.727150749,-87.551190244,"(41.727150749, -87.551190244)"
"5077937",41.936662939,-87.727116856,"(41.936662939, -87.727116856)"
"5079619",41.889453169,-87.627994833,"(41.889453169, -87.627994833)"
"5082777",41.916346321,-87.686672835,"(41.916346321, -87.686672835)"
"5084814",41.845388183,-87.6418896,"(41.845388183, -87.6418896)"
"5100877",41.763221125,-87.655143268,"(41.763221125, -87.655143268)"
"5101328",41.88950649,-87.634021026,"(41.88950649, -87.634021026)"
"5104393",41.988360427,-87.656760817,"(41.988360427, -87.656760817)"
"5114654",41.686316773,-87.642189656,"(41.686316773, -87.642189656)"
"5119969",41.891465732,-87.624153044,"(41.891465732, -87.624153044)"
"5121492",41.925325437,-87.756191769,"(41.925325437, -87.756191769)"
"5125485",41.953164802,-87.768730493,"(41.953164802, -87.768730493)"
"5126989",41.809481641,-87.674961895,"(41.809481641, -87.674961895)"
"5132536",41.923619675,-87.792504774,"(41.923619675, -87.792504774)"
"5138280",41.707277993,-87.681649204,"(41.707277993, -87.681649204)"
"5145877",41.866810739,-87.625817031,"(41.866810739, -87.625817031)"
"5146721",41.995790613,-87.808051205,"(41.995790613, -87.808051205)"
"5158146",41.892588736,-87.63409759,"(41.892588736, -87.63409759)"
"5165484",41.85216546,-87.721514034,"(41.85216546, -87.721514034)"
"5167537",41.802341007,-87.598909374,"(41.802341007, -87.598909374)"
"5171005",41.890079607,-87.627224029,"(41.890079607, -87.627224029)"
"5173113",41.899366905,-87.626908676,"(41.899366905, -87.626908676)"
"5173163",41.951808179,-87.807232413,"(41.951808179, -87.807232413)"
"5173877",42.016607113,-87.675302757,"(42.016607113, -87.675302757)"
"5174104",41.838450294,-87.614995629,"(41.838450294, -87.614995629)"
"5184643",41.910294813,-87.648257992,"(41.910294813, -87.648257992)"
"5188568",41.926484632,-87.785553657,"(41.926484632, -87.785553657)"
"5191259",41.968489867,-87.70407927,"(41.968489867, -87.70407927)"
"5197702",41.970901094,-87.791604882,"(41.970901094, -87.791604882)"
"5203096",41.890221601,-87.636995432,"(41.890221601, -87.636995432)"
"5203576",41.976788424,-87.689739361,"(41.976788424, -87.689739361)"
"5208684",41.994758989,-87.7144777,"(41.994758989, -87.7144777)"
"5208723",41.946616121,-87.709172353,"(41.946616121, -87.709172353)"
"5209936",41.751640691,-87.573236987,"(41.751640691, -87.573236987)"
"5228483",41.703818001,-87.559617447,"(41.703818001, -87.559617447)"
"5230804",41.92046017,-87.67083136,"(41.92046017, -87.67083136)"
"5242107",41.794462581,-87.770558224,"(41.794462581, -87.770558224)"
"5249415",41.799462979,-87.596022926,"(41.799462979, -87.596022926)"
"5251088",41.90412856,-87.696909199,"(41.90412856, -87.696909199)"
"5251349",41.990274508,-87.717964141,"(41.990274508, -87.717964141)"
"5257653",41.696982374,-87.640098183,"(41.696982374, -87.640098183)"
"5259606",41.99955567,-87.814693877,"(41.99955567, -87.814693877)"
"5268994",41.886412499,-87.632468271,"(41.886412499, -87.632468271)"
"5279879",41.941994438,-87.688244212,"(41.941994438, -87.688244212)"
"5282699",41.899923966,-87.629139529,"(41.899923966, -87.629139529)"
"5283148",41.92464673,-87.647274006,"(41.92464673, -87.647274006)"
"5292057",41.903933718,-87.629209346,"(41.903933718, -87.629209346)"
"5308279",41.953404656,-87.748126376,"(41.953404656, -87.748126376)"
"5308946",41.981104464,-87.837863613,"(41.981104464, -87.837863613)"
"5316085",41.846599399,-87.661009167,"(41.846599399, -87.661009167)"
"5316638",41.994423594,-87.804376423,"(41.994423594, -87.804376423)"
"5330050",42.009803145,-87.6741476,"(42.009803145, -87.6741476)"
"5333511",41.814300934,-87.70390703,"(41.814300934, -87.70390703)"
"5360682",41.922009487,-87.664947168,"(41.922009487, -87.664947168)"
"5364837",41.72550966,-87.585403058,"(41.72550966, -87.585403058)"
"5370694",41.980798311,-87.665818559,"(41.980798311, -87.665818559)"
"5377663",41.692936495,-87.700873679,"(41.692936495, -87.700873679)"
"5384360",41.795991039,-87.630542489,"(41.795991039, -87.630542489)"
"5385939",41.923530846,-87.639223937,"(41.923530846, -87.639223937)"
"5387164",41.801307936,-87.584690956,"(41.801307936, -87.584690956)"
"5389642",41.884924096,-87.630953163,"(41.884924096, -87.630953163)"
"5402566",41.937084934,-87.644299657,"(41.937084934, -87.644299657)"
"5416767",41.910292604,-87.634683257,"(41.910292604, -87.634683257)"
"5418984",41.939012917,-87.766514067,"(41.939012917, -87.766514067)"
"5441869",41.961790972,-87.767282904,"(41.961790972, -87.767282904)"
"5445223",41.722740109,-87.553130236,"(41.722740109, -87.553130236)"
"5451830",41.942360068,-87.670531187,"(41.942360068, -87.670531187)"
"5457901",41.879283693,-87.641641821,"(41.879283693, -87.641641821)"
"5469897",41.896010965,-87.624279065,"(41.896010965, -87.624279065)"
"5470643",41.656876586,-87.547137555,"(41.656876586, -87.547137555)"
"5471284",41.923672617,-87.786301606,"(41.923672617, -87.786301606)"
"5474956",41.891990384,-87.611461502,"(41.891990384, -87.611461502)"
"5477887",41.88249622,-87.624380767,"(41.88249622, -87.624380767)"
"5482486",41.879409976,-87.631248562,"(41.879409976, -87.631248562)"
"5491345",41.689768667,-87.664841435,"(41.689768667, -87.664841435)"
"5492804",41.976290414,-87.905227221,"(41.976290414, -87.905227221)"
"5495477",41.893578417,-87.625426193,"(41.893578417, -87.625426193)"
"5495483",41.736084484,-87.629433662,"(41.736084484, -87.629433662)"
"5496665",41.776006991,-87.605830944,"(41.776006991, -87.605830944)"
"5499363",41.780183792,-87.68366502,"(41.780183792, -87.68366502)"
"5500699",41.894727342,-87.639212686,"(41.894727342, -87.639212686)"
"5505996",41.926287021,-87.785547998,"(41.926287021, -87.785547998)"
"5506180",41.976290414,-87.905227221,"(41.976290414, -87.905227221)"
"5506796",41.891990384,-87.611461502,"(41.891990384, -87.611461502)"
"5507230",41.69876079,-87.681376348,"(41.69876079, -87.681376348)"
"5508944",41.945054068,-87.706544675,"(41.945054068, -87.706544675)"
"5517848",41.774310959,-87.592934641,"(41.774310959, -87.592934641)"
"5521906",41.915463192,-87.658622514,"(41.915463192, -87.658622514)"
"5522843",41.891694878,-87.626155832,"(41.891694878, -87.626155832)"
"5540273",41.989044668,-87.748322381,"(41.989044668, -87.748322381)"
"5548165",41.699965937,-87.535279619,"(41.699965937, -87.535279619)"
"5553699",42.021139546,-87.66894449,"(42.021139546, -87.66894449)"
"5560520",41.891694878,-87.626155832,"(41.891694878, -87.626155832)"
"5563538",41.979943613,-87.836581692,"(41.979943613, -87.836581692)"
"5568183",41.879297705,-87.627706271,"(41.879297705, -87.627706271)"
"5570951",41.938270575,-87.788907713,"(41.938270575, -87.788907713)"
"5571348",41.910886107,-87.650316375,"(41.910886107, -87.650316375)"
"5573303",41.73585412,-87.658739723,"(41.73585412, -87.658739723)"
"5576891",41.754863253,-87.563868045,"(41.754863253, -87.563868045)"
"5582887",41.891694878,-87.626155832,"(41.891694878, -87.626155832)"
"5585289",41.97852489,-87.836589041,"(41.97852489, -87.836589041)"
"5589187",41.82716086,-87.641447355,"(41.82716086, -87.641447355)"
"5590492",41.869942889,-87.731929518,"(41.869942889, -87.731929518)"
"5595842",41.95483123,-87.711503909,"(41.95483123, -87.711503909)"
"5598909",41.913078471,-87.743873016,"(41.913078471, -87.743873016)"
"5599181",41.886190872,-87.624527215,"(41.886190872, -87.624527215)"
"5599801",41.92264635,-87.727289974,"(41.92264635, -87.727289974)"
"5610550",41.903561493,-87.653509519,"(41.903561493, -87.653509519)"
"5614688",41.97852489,-87.836589041,"(41.97852489, -87.836589041)"
"5614827",41.83026023,-87.620532351,"(41.83026023, -87.620532351)"
"5617412",41.880138214,-87.632312841,"(41.880138214, -87.632312841)"
"5624108",41.908170625,-87.674014962,"(41.908170625, -87.674014962)"
"5627392",41.903561493,-87.653509519,"(41.903561493, -87.653509519)"
"5630129",41.978389345,-87.794373281,"(41.978389345, -87.794373281)"
"5632450",41.972934933,-87.664661382,"(41.972934933, -87.664661382)"
"5632460",41.971176287,-87.690185657,"(41.971176287, -87.690185657)"
"5633588",41.989930943,-87.668647477,"(41.989930943, -87.668647477)"
"5633730",41.959877611,-87.731022096,"(41.959877611, -87.731022096)"
"5634444",41.976290414,-87.905227221,"(41.976290414, -87.905227221)"
"5634763",41.962733678,-87.650957879,"(41.962733678, -87.650957879)"
"5637011",41.893140033,-87.624204307,"(41.893140033, -87.624204307)"
"5638385",41.993629497,-87.801186278,"(41.993629497, -87.801186278)"
"5638764",41.707062135,-87.631482564,"(41.707062135, -87.631482564)"
"5639024",41.931786398,-87.648979902,"(41.931786398, -87.648979902)"
"5656593",41.88573086,-87.625582609,"(41.88573086, -87.625582609)"
"5664347",41.935549113,-87.642629241,"(41.935549113, -87.642629241)"
"5673883",41.878113223,-87.634156272,"(41.878113223, -87.634156272)"
"5676873",41.976290414,-87.905227221,"(41.976290414, -87.905227221)"
"5699149",41.853969331,-87.634610162,"(41.853969331, -87.634610162)"
"5701347",41.81904189,-87.637125103,"(41.81904189, -87.637125103)"
"5718628",41.958535894,-87.776168638,"(41.958535894, -87.776168638)"
"5719525",41.88278344,-87.636786095,"(41.88278344, -87.636786095)"
"5732454",41.819489272,-87.626352851,"(41.819489272, -87.626352851)"
"5742279",41.953679284,-87.725455694,"(41.953679284, -87.725455694)"
"5761987",41.938534268,-87.769624061,"(41.938534268, -87.769624061)"
"5768605",41.853917817,-87.6488416,"(41.853917817, -87.6488416)"
"5772270",41.887966168,-87.634790696,"(41.887966168, -87.634790696)"
"5776300",41.885360399,-87.723661606,"(41.885360399, -87.723661606)"
"5781768",41.785549696,-87.683808852,"(41.785549696, -87.683808852)"
"5785166",41.945154485,-87.645933057,"(41.945154485, -87.645933057)"
"5785444",41.976290414,-87.905227221,"(41.976290414, -87.905227221)"
"5792557",41.910117898,-87.746104545,"(41.910117898, -87.746104545)"
"5795908",41.944067844,-87.827634087,"(41.944067844, -87.827634087)"
"5796083",41.727445263,-87.681031468,"(41.727445263, -87.681031468)"
"5797280",41.881601409,-87.624350265,"(41.881601409, -87.624350265)"
"5797499",41.968178421,-87.73356204,"(41.968178421, -87.73356204)"
"5797877",41.735752655,-87.665801034,"(41.735752655, -87.665801034)"
"5798876",41.912572075,-87.663531971,"(41.912572075, -87.663531971)"
"5802759",41.895237762,-87.629741954,"(41.895237762, -87.629741954)"
"5814925",41.928219485,-87.673455771,"(41.928219485, -87.673455771)"
"5829796",41.87227988,-87.629365941,"(41.87227988, -87.629365941)"
"5842149",41.880138214,-87.632312841,"(41.880138214, -87.632312841)"
"5842228",41.750102021,-87.621353869,"(41.750102021, -87.621353869)"
"5853752",41.880731604,-87.628828854,"(41.880731604, -87.628828854)"
"5856625",41.912632426,-87.683587462,"(41.912632426, -87.683587462)"
"5860992",41.903166488,-87.678566378,"(41.903166488, -87.678566378)"
"5867851",41.811469023,-87.728981031,"(41.811469023, -87.728981031)"
"5868633",42.012293397,-87.699714109,"(42.012293397, -87.699714109)"
"5871654",41.941891116,-87.705245073,"(41.941891116, -87.705245073)"
"5872386",41.932946372,-87.705002076,"(41.932946372, -87.705002076)"
"5876042",41.925084098,-87.673197782,"(41.925084098, -87.673197782)"
"5904982",41.904462488,-87.648118305,"(41.904462488, -87.648118305)"
"5905365",41.845086852,-87.625311402,"(41.845086852, -87.625311402)"
"5907565",41.722362932,-87.583871749,"(41.722362932, -87.583871749)"
"5908440",41.885368351,-87.635402906,"(41.885368351, -87.635402906)"
"5909859",41.880360005,-87.755979653,"(41.880360005, -87.755979653)"
"5920727",41.968654176,-87.659532372,"(41.968654176, -87.659532372)"
"5921540",41.736604706,-87.608060119,"(41.736604706, -87.608060119)"
"5929319",41.947183891,-87.688269091,"(41.947183891, -87.688269091)"
"5929833",41.894828122,-87.76709224,"(41.894828122, -87.76709224)"
"5930859",41.882076985,-87.626709904,"(41.882076985, -87.626709904)"
"5932350",41.899235024,-87.622436193,"(41.899235024, -87.622436193)"
"5940069",41.91000536,-87.715759913,"(41.91000536, -87.715759913)"
"5940832",41.977043475,-87.76899404,"(41.977043475, -87.76899404)"
"5943854",41.979355509,-87.668294069,"(41.979355509, -87.668294069)"
"5944652",41.792310466,-87.783470515,"(41.792310466, -87.783470515)"
"5948842",41.906132875,-87.667566751,"(41.906132875, -87.667566751)"
"5951357",41.927322703,-87.680759488,"(41.927322703, -87.680759488)"
"5965708",41.903477711,-87.659314425,"(41.903477711, -87.659314425)"
"5971745",41.909664252,-87.742728815,"(41.909664252, -87.742728815)"
"5974146",41.892805561,-87.63410257,"(41.892805561, -87.63410257)"
"5981907",41.754169124,-87.694170838,"(41.754169124, -87.694170838)"
"5985567",41.960375231,-87.775185641,"(41.960375231, -87.775185641)"
"5986999",41.885753285,-87.626996239,"(41.885753285, -87.626996239)"
"5993741",41.751249367,-87.607356573,"(41.751249367, -87.607356573)"
"5997123",41.767501554,-87.607862513,"(41.767501554, -87.607862513)"
"6009361",41.844491295,-87.640603729,"(41.844491295, -87.640603729)"
"6014117",41.968093157,-87.760939193,"(41.968093157, -87.760939193)"
"6033840",41.882114362,-87.632361012,"(41.882114362, -87.632361012)"
"6038701",41.9225978,-87.657158382,"(41.9225978, -87.657158382)"
"6041576",41.750819013,-87.632182489,"(41.750819013, -87.632182489)"
"6054879",41.885855984,-87.656815142,"(41.885855984, -87.656815142)"
"6055972",41.885855984,-87.656815142,"(41.885855984, -87.656815142)"
"6064915",41.831181731,-87.615153958,"(41.831181731, -87.615153958)"
"6065725",41.892575752,-87.621709371,"(41.892575752, -87.621709371)"
"6067417",41.889435529,-87.629592618,"(41.889435529, -87.629592618)"
"6073482",41.908390488,-87.634623176,"(41.908390488, -87.634623176)"
"6096100",41.915187259,-87.775425225,"(41.915187259, -87.775425225)"
"6103312",41.808679656,-87.65923435,"(41.808679656, -87.65923435)"
"6113667",41.866810739,-87.625817031,"(41.866810739, -87.625817031)"
"6118434",41.803095786,-87.72215712,"(41.803095786, -87.72215712)"
"6145479",41.952901742,-87.787536961,"(41.952901742, -87.787536961)"
"6153207",41.881526212,-87.630869196,"(41.881526212, -87.630869196)"
"6158920",41.751827103,-87.559231739,"(41.751827103, -87.559231739)"
"6163405",41.904409238,-87.667522209,"(41.904409238, -87.667522209)"
"6173512",41.956210811,-87.730920595,"(41.956210811, -87.730920595)"
"6188553",41.756656402,-87.610960678,"(41.756656402, -87.610960678)"
"6197910",41.909007395,-87.796176979,"(41.909007395, -87.796176979)"
"6202721",41.854797313,-87.707779087,"(41.854797313, -87.707779087)"
"6214037",41.781643885,-87.594668853,"(41.781643885, -87.594668853)"
"6217555",41.965224422,-87.669985383,"(41.965224422, -87.669985383)"
"6220453",41.784762548,-87.722928928,"(41.784762548, -87.722928928)"
"6225631",41.946648722,-87.702084879,"(41.946648722, -87.702084879)"
"6242588",41.976290414,-87.905227221,"(41.976290414, -87.905227221)"
"6247148",41.810862983,-87.739591315,"(41.810862983, -87.739591315)"
"6251143",41.823404728,-87.649827084,"(41.823404728, -87.649827084)"
"6253093",41.968225831,-87.777893369,"(41.968225831, -87.777893369)"
"6254382",41.884910565,-87.642748943,"(41.884910565, -87.642748943)"
"6254384",41.891087379,-87.634055201,"(41.891087379, -87.634055201)"
"6254518",41.893941929,-87.637759383,"(41.893941929, -87.637759383)"
"6255000",41.907158119,-87.634588857,"(41.907158119, -87.634588857)"
"6255271",41.750126036,-87.735324955,"(41.750126036, -87.735324955)"
"6257241",41.902259639,-87.75499998,"(41.902259639, -87.75499998)"
"6265000",41.880138214,-87.632312841,"(41.880138214, -87.632312841)"
"6268323",41.827371671,-87.693432213,"(41.827371671, -87.693432213)"
"6269823",41.929889335,-87.732697095,"(41.929889335, -87.732697095)"
"6269929",41.902986203,-87.718428329,"(41.902986203, -87.718428329)"
"6270114",41.961586421,-87.669651765,"(41.961586421, -87.669651765)"
"6270315",41.735306307,-87.695442387,"(41.735306307, -87.695442387)"
"6270390",41.87348658,-87.721699941,"(41.87348658, -87.721699941)"
"6270459",41.896262779,-87.616658452,"(41.896262779, -87.616658452)"
"6270545",41.891133566,-87.624134682,"(41.891133566, -87.624134682)"
"6270757",41.880577917,-87.640555606,"(41.880577917, -87.640555606)"
"6272834",41.718116634,-87.653918136,"(41.718116634, -87.653918136)"
"6284344",NA,NA,""
"6284347",41.884790951,-87.624469241,"(41.884790951, -87.624469241)"
"6288986",41.889203826,-87.631640804,"(41.889203826, -87.631640804)"
"6298591",41.866859553,-87.667012497,"(41.866859553, -87.667012497)"
"6310130",NA,NA,""
"6312344",NA,NA,""
"6314100",NA,NA,""
"6328637",41.887521986,-87.624552898,"(41.887521986, -87.624552898)"
"6328830",41.910857665,-87.651995629,"(41.910857665, -87.651995629)"
"6332116",41.893400202,-87.663420125,"(41.893400202, -87.663420125)"
"6344922",NA,NA,""
"6354558",NA,NA,""
"6356496",41.98071427,-87.805126174,"(41.98071427, -87.805126174)"
"6357719",41.875247072,-87.631716384,"(41.875247072, -87.631716384)"
"6362434",41.794460507,-87.582518993,"(41.794460507, -87.582518993)"
"6376418",41.911103416,-87.639417374,"(41.911103416, -87.639417374)"
"6377863",NA,NA,""
"6377904",41.883078679,-87.651225883,"(41.883078679, -87.651225883)"
"6386417",NA,NA,""
"6390525",NA,NA,""
"6391999",NA,NA,""
"6405192",41.902938033,-87.695510436,"(41.902938033, -87.695510436)"
"6405308",41.923649552,-87.788954862,"(41.923649552, -87.788954862)"
"6405380",41.759402215,-87.644268517,"(41.759402215, -87.644268517)"
"6407591",41.877446026,-87.657010335,"(41.877446026, -87.657010335)"
"6415672",41.8405527,-87.704919592,"(41.8405527, -87.704919592)"
"6416681",41.722472022,-87.574983819,"(41.722472022, -87.574983819)"
"6423357",41.976200173,-87.905312411,"(41.976200173, -87.905312411)"
"6423384",NA,NA,""
"6423435",NA,NA,""
"6427854",NA,NA,""
"6427863",41.904424094,-87.625056598,"(41.904424094, -87.625056598)"
"6435674",41.901133376,-87.629904979,"(41.901133376, -87.629904979)"
"6436245",NA,NA,""
"6438087",NA,NA,""
"6450534",NA,NA,""
"6455389",NA,NA,""
"6463742",41.96137851,-87.65474101,"(41.96137851, -87.65474101)"
"6467828",41.883119687,-87.648893561,"(41.883119687, -87.648893561)"
"6481424",NA,NA,""
"6502247",41.936727916,-87.657644971,"(41.936727916, -87.657644971)"
"6502963",41.745889451,-87.663325153,"(41.745889451, -87.663325153)"
"6513106",41.878019784,-87.64183905,"(41.878019784, -87.64183905)"
"6515341",41.87813609,-87.632055653,"(41.87813609, -87.632055653)"
"6515984",41.960645166,-87.753244302,"(41.960645166, -87.753244302)"
"6516081",NA,NA,""
"6525399",41.925029639,-87.677582221,"(41.925029639, -87.677582221)"
"6525460",NA,NA,""
"6531230",41.962705804,-87.653197365,"(41.962705804, -87.653197365)"
"6535687",41.704033051,-87.535284257,"(41.704033051, -87.535284257)"
"6539331",41.934521856,-87.650273734,"(41.934521856, -87.650273734)"
"6543114",NA,NA,""
"6551611",41.839168741,-87.646305207,"(41.839168741, -87.646305207)"
"6565579",NA,NA,""
"6568838",41.903610803,-87.650258004,"(41.903610803, -87.650258004)"
"6573353",41.899648241,-87.721329135,"(41.899648241, -87.721329135)"
"6578312",41.882477553,-87.637028112,"(41.882477553, -87.637028112)"
"6579569",41.880653112,-87.634396649,"(41.880653112, -87.634396649)"
"6587920",41.682045222,-87.676588373,"(41.682045222, -87.676588373)"
"6592905",41.882064879,-87.627418772,"(41.882064879, -87.627418772)"
"6595554",41.761484638,-87.55806373,"(41.761484638, -87.55806373)"
"6598795",42.001678618,-87.660604177,"(42.001678618, -87.660604177)"
"6604164",NA,NA,""
"6635882",41.990272336,-87.718070836,"(41.990272336, -87.718070836)"
"6639322",41.910234821,-87.651087472,"(41.910234821, -87.651087472)"
"6642708",41.777689054,-87.634987853,"(41.777689054, -87.634987853)"
"6664212",NA,NA,""
"6666935",41.884845855,-87.624472307,"(41.884845855, -87.624472307)"
"6670914",NA,NA,""
"6693213",41.883211912,-87.631438294,"(41.883211912, -87.631438294)"
"6715314",NA,NA,""
"6740312",41.69876079,-87.681376348,"(41.69876079, -87.681376348)"
"6750110",NA,NA,""
"6750989",41.685067053,-87.643385526,"(41.685067053, -87.643385526)"
"6751275",41.883211912,-87.631438294,"(41.883211912, -87.631438294)"
"6754995",NA,NA,""
"6785773",41.884351104,-87.663661558,"(41.884351104, -87.663661558)"
"6807735",41.882114362,-87.632361012,"(41.882114362, -87.632361012)"
